date, pm25, pm10, o3, no2, so2, co
2025/11/1, 224, , , , , 
2025/10/1, 113, 76, 31, 23, 9, 7
2025/10/2, 118, 64, 38, 15, 6, 7
2025/10/3, 86, 127, 19, 5, 5, 13
2025/10/4, 149, 119, 10, , 3, 8
2025/10/5, 156, 73, 8, 21, 4, 8
2025/10/6, 98, 45, 26, 15, 4, 7
2025/10/7, 64, 110, 11, 29, 4, 12
2025/10/8, 121, 128, 16, 29, 2, 10
2025/10/9, 127, 147, 27, 31, 3, 10
2025/10/10, 156, 146, 22, 32, 3, 12
2025/10/11, 160, 155, 35, 34, 3, 10
2025/10/12, 154, 121, 36, 25, 3, 6
2025/10/13, 157, 125, 32, 23, 3, 5
2025/10/14, 158, 143, 33, 26, 4, 9
2025/10/15, 164, 147, 41, 18, 3, 10
2025/10/16, 166, 161, 31, 25, 4, 9
2025/10/17, 184, 148, 39, 21, 4, 6
2025/10/18, 178, 176, 43, 26, 4, 7
2025/10/19, 215, 218, 41, 18, 5, 7
2025/10/20, 289, 491, 19, 17, 9, 7
2025/10/21, 506, 198, 15, 16, 4, 7
2025/10/22, 278, 137, 30, 17, 3, 8
2025/10/23, 196, 130, 27, 23, 4, 8
2025/10/24, 179, 137, 36, 35, 4, 7
2025/10/25, 187, 129, 29, 28, 3, 7
2025/10/26, 189, 144, 20, 23, 4, 6
2025/10/27, 201, 128, 21, 21, 3, 6
2025/10/28, 193, 135, 29, 19, 4, 7
2025/10/29, 206, 175, 16, 21, 4, 9
2025/10/30, 249, 100, 13, 16, 3, 10
2025/10/31, 167, 167, 15, 14, 3, 15
2025/7/1, 85, 59, 21, 8, 2, 6
2025/7/2, 62, 48, 31, 3, 1, 5
2025/7/3, 75, 62, 26, 9, 1, 7
2025/7/4, 87, 80, 26, 12, 1, 6
2025/7/5, 102, 70, 20, 10, 1, 6
2025/7/6, 81, 66, 23, 12, 1, 7
2025/7/7, 71, 89, 17, 14, 1, 7
2025/7/8, 84, 62, 22, 8, 1, 5
2025/7/9, 54, 38, 23, 8, 1, 6
2025/7/10, 42, 83, 27, 13, 1, 8
2025/7/11, 92, 81, 25, 11, 1, 7
2025/7/12, 100, 68, 28, 7, 1, 6
2025/7/13, 84, 36, 23, 3, , 5
2025/7/14, 55, 40, 21, 3, , 5
2025/7/15, 51, 66, 20, 6, , 6
2025/7/16, 68, 48, 27, 4, 1, 5
2025/7/17, 63, 39, 23, 3, , 5
2025/7/18, 64, 52, 21, 4, 1, 5
2025/7/19, 57, 80, 24, 8, 1, 6
2025/7/20, 73, 69, 18, 7, 1, 6
2025/7/21, 76, 72, 10, 10, 4, 8
2025/7/22, 93, 113, 6, 11, 5, 11
2025/7/23, 82, 112, 8, 9, 4, 7
2025/7/24, 84, 122, 8, 10, 5, 8
2025/7/25, 102, 80, 15, 10, 6, 8
2025/7/26, 72, 73, 4, 8, 5, 5
2025/7/27, 82, 92, 22, 13, 8, 9
2025/7/28, 143, 40, 17, 8, 4, 6
2025/7/29, 59, 40, 53, 7, 5, 7
2025/7/30, 59, 35, 35, 7, 4, 8
2025/7/31, 51, 94, 22, 12, 5, 9
2025/8/1, 62, 95, 30, 14, 5, 10
2025/8/2, 68, 85, 18, 14, 6, 9
2025/8/3, 72, 100, 14, 17, 6, 10
2025/8/4, 83, 94, 15, 16, 6, 10
2025/8/5, 76, 104, 27, 19, 7, 11
2025/8/6, 93, 103, 11, 16, 7, 9
2025/8/7, 80, 110, 9, 15, 6, 8
2025/8/8, 83, 49, 12, 15, 7, 10
2025/8/9, 61, 97, 8, 16, 7, 9
2025/8/10, 93, 107, 77, 18, 7, 7
2025/8/11, 95, 91, 10, 17, 6, 11
2025/8/12, 90, 109, 9, 19, 6, 12
2025/8/13, 96, 45, 11, 18, 4, 13
2025/8/14, 65, 61, 11, 14, 6, 10
2025/8/15, 120, 70, 12, 15, 7, 11
2025/8/16, 119, 60, 10, 14, 7, 10
2025/8/17, 90, 50, 23, 11, 6, 9
2025/8/18, 89, 56, 14, 12, 6, 10
2025/8/19, 72, 48, 19, 9, 5, 9
2025/8/20, 64, 50, 17, 11, 6, 10
2025/8/21, 70, 82, 11, 19, 7, 12
2025/8/22, 113, 56, 12, 13, 6, 10
2025/8/23, 82, 44, 16, 9, 5, 8
2025/8/24, 67, 33, 11, 7, 5, 8
2025/8/25, 71, 59, 7, 14, 6, 13
2025/8/26, 50, 62, 5, 13, 6, 12
2025/8/27, 72, 73, 18, 13, 7, 11
2025/8/28, 116, 52, 9, 9, 5, 9
2025/8/29, 98, 45, 17, 10, 5, 9
2025/8/30, 70, 51, 15, 10, , 8
2025/8/31, 83, 21, 10, 7, 42, 8
2025/9/1, 31, 22, 9, 10, , 10
2025/9/2, 34, 35, 14, 12, , 10
2025/9/3, 50, 45, 21, 13, , 9
2025/9/4, 68, 44, 14, 12, 3, 10
2025/9/5, 68, 47, 16, 10, 3, 8
2025/9/6, 78, 51, 11, 11, 4, 9
2025/9/7, 74, 60, 12, 14, 2, 11
2025/9/8, 58, 87, 8, 18, 2, 12
2025/9/9, 77, 80, 10, 14, 2, 10
2025/9/10, 73, 90, 9, 15, 2, 11
2025/9/11, 77, 94, 7, 16, 3, 11
2025/9/12, 76, 85, 8, 16, 3, 10
2025/9/13, 94, 85, 4, 18, 3, 8
2025/9/14, 87, 87, 8, 19, 5, 8
2025/9/15, 87, 83, 14, 21, 9, 7
2025/9/16, 86, 81, 25, 25, 8, 8
2025/9/17, 125, 88, 20, 26, 11, 10
2025/9/18, 128, 101, 5, 19, 10, 10
2025/9/19, 141, , , , , 
2025/9/24, 113, 103, 17, 30, 13, 8
2025/9/25, 95, 105, 10, 26, 10, 9
2025/9/26, 99, 127, 60, 26, 10, 8
2025/9/27, 147, 73, 23, 23, 12, 6
2025/9/28, 89, 75, 24, 23, 7, 8
2025/9/29, 98, 80, 5, 21, 10, 9
2025/9/30, 109, 82, 33, 27, 9, 9
2025/4/1, 137, 134, 13, 33, 11, 4
2025/4/2, 144, 110, 15, 37, 9, 6
2025/4/3, 121, 137, 12, 39, 11, 4
2025/4/4, 131, 115, 13, 34, 12, 4
2025/4/5, 131, 110, 9, 29, 11, 2
2025/4/6, 140, 117, 19, 33, 11, 7
2025/4/7, 145, 137, 22, 31, 10, 8
2025/4/8, 161, 132, 15, 24, 10, 4
2025/4/9, 162, 159, 6, 30, 8, 3
2025/4/10, 130, 83, 7, 14, 6, 2
2025/4/11, 96, 66, 42, 16, 7, 2
2025/4/12, 89, 76, 50, 24, 10, 3
2025/4/13, 103, 93, 30, 23, 6, 4
2025/4/14, 120, 98, 36, 25, 5, 3
2025/4/15, 122, 114, 33, 35, 6, 4
2025/4/16, 147, 114, 36, 28, 6, 5
2025/4/17, 130, 116, 42, 18, 5, 3
2025/4/18, 144, 95, 30, 13, 4, 2
2025/4/19, 110, 95, 35, 13, 4, 3
2025/4/20, 111, 145, 17, 41, 6, 5
2025/4/21, 131, 143, 22, 39, 8, 5
2025/4/22, 132, 149, 27, 42, 8, 6
2025/4/23, 140, 137, 30, 42, 9, 5
2025/4/24, 139, 149, 40, 38, 8, 7
2025/4/25, 146, 152, 27, 48, 7, 7
2025/4/26, 141, 164, 33, 35, 8, 4
2025/4/27, 128, 147, 53, 23, 8, 2
2025/4/28, 160, 114, 39, 12, 5, 1
2025/4/29, 131, 107, 39, 15, 6, 2
2025/4/30, 144, 105, 38, 11, 6, 2
2025/5/1, 147, 108, 21, 15, 2, 3
2025/5/2, 107, 97, 19, 27, 1, 4
2025/5/3, 131, 124, 29, 27, 5, 4
2025/5/4, 155, 70, 24, 16, 3, 3
2025/5/5, 91, 81, 25, 21, 3, 2
2025/5/6, 108, 80, 20, 18, 3, 3
2025/5/7, 95, 94, 26, 19, 6, 3
2025/5/8, 143, 61, 25, 16, 4, 3
2025/5/9, 99, 101, 13, 25, 4, 5
2025/5/10, 142, 105, 21, 21, 4, 4
2025/5/11, 131, 91, 23, 27, 4, 4
2025/5/12, 108, 95, 16, 25, 3, 4
2025/5/13, 66, 96, 16, 25, 2, 4
2025/5/14, 90, 335, 17, 35, 5, 6
2025/5/15, 137, 163, 29, 33, 7, 4
2025/5/16, 140, 105, 28, 28, 5, 4
2025/5/17, 105, 115, 52, 20, 6, 3
2025/5/18, 134, 136, 46, 15, 5, 3
2025/5/19, 162, 146, 52, 16, 6, 3
2025/5/20, 160, 131, 65, 13, 6, 2
2025/5/21, 150, 55, 40, 11, 2, 1
2025/5/22, 75, 72, 45, 10, 5, 7
2025/5/23, 113, 98, 44, 9, 1, 2
2025/5/24, 139, 55, 35, 11, 1, 3
2025/5/25, 80, 77, 29, 16, 2, 5
2025/5/26, 127, 78, 37, 17, 1, 6
2025/5/27, 129, 91, 38, 17, , 6
2025/5/28, 135, 136, 22, 23, 1, 8
2025/5/29, 150, 139, 24, 14, 2, 7
2025/5/30, 146, 169, 43, 17, 3, 4
2025/5/31, 156, 162, 19, 9, 1, 3
2025/6/1, 129, 99, 40, 6, 1, 3
2025/6/2, 112, 107, 25, 10, 1, 3
2025/6/3, 110, 185, 26, 9, 1, 3
2025/6/4, 131, 124, 25, 13, 3, 4
2025/6/5, 134, 108, 41, 10, 1, 2
2025/6/6, 111, 119, 36, 13, 2, 6
2025/6/7, 144, 150, 31, 11, 2, 27
2025/6/8, 152, 149, 5, 16, 1, 22
2025/6/9, 163, 175, 11, 16, 5, 8
2025/6/10, 116, 155, 62, 6, 4, 2
2025/6/11, 147, 120, 80, 4, 4, 3
2025/6/12, 154, 127, 42, 3, 4, 3
2025/6/13, 136, 97, 69, 5, 4, 4
2025/6/14, 142, 84, 39, 4, 2, 2
2025/6/15, 114, 64, 33, 6, 3, 3
2025/6/16, 95, 53, 35, 6, 2, 4
2025/6/17, 95, 75, 36, 6, 2, 3
2025/6/18, 108, 55, 86, 4, 2, 3
2025/6/19, 86, 49, 62, 2, 1, 6
2025/6/20, 77, 58, 40, 10, 1, 6
2025/6/21, 83, 63, 14, 8, 1, 6
2025/6/22, 95, 67, 20, 8, 1, 6
2025/6/23, 106, 65, 15, 9, 1, 6
2025/6/24, 97, 76, 12, 6, 3, 7
2025/6/25, 155, 51, 21, 3, 1, 5
2025/6/26, 77, 49, 26, 4, 1, 5
2025/6/27, 65, 61, 22, 10, 1, 6
2025/6/28, 80, 64, 11, 10, 1, 6
2025/6/29, 105, 51, 21, 9, 1, 5
2025/6/30, 88, 50, 35, 7, 2, 5
2025/1/1, 236, 186, 2, 20, 4, 10
2025/1/2, 226, 182, 2, 8, 3, 6
2025/1/3, 225, 283, 12, 35, 4, 6
2025/1/4, 349, 150, 5, 20, 4, 6
2025/1/5, 201, 156, 2, 25, 5, 7
2025/1/6, 209, 184, 3, 21, 5, 8
2025/1/7, 216, 162, 5, 31, 4, 8
2025/1/8, 207, 209, 9, 29, 4, 9
2025/1/9, 292, 164, 8, 23, 4, 9
2025/1/10, 249, 133, 7, 25, 4, 7
2025/1/11, 206, 147, 3, 26, 4, 8
2025/1/12, 206, 143, 3, 26, 4, 7
2025/1/13, 198, 173, 5, 30, 4, 9
2025/1/14, 220, 180, 5, 25, 4, 9
2025/1/15, 272, 148, 7, 27, 5, 10
2025/1/16, 199, 167, 4, 25, 4, 6
2025/1/17, 203, 144, 11, 23, 4, 5
2025/1/18, 191, 182, 10, 29, 5, 11
2025/1/19, 226, 190, 6, 35, 5, 8
2025/1/20, 218, 182, 9, 37, 5, 8
2025/1/21, 207, 145, 5, 32, 5, 8
2025/1/22, 179, 145, 7, 33, 5, 8
2025/1/23, 188, 127, 9, 32, 5, 6
2025/1/24, 169, 138, 9, 38, 5, 9
2025/1/25, 161, 113, 13, 26, 5, 4
2025/1/26, 172, 144, 11, 33, 5, 7
2025/1/27, 184, 137, 10, 36, 5, 7
2025/1/28, 187, 211, 26, 26, 6, 9
2025/1/29, 266, 136, 17, 27, 5, 6
2025/1/30, 190, 210, 7, 39, 5, 11
2025/1/31, 236, 248, 7, 37, 5, 10
2025/2/1, 261, 170, 3, 28, 4, 5
2025/2/2, 215, 136, 6, 31, 4, 7
2025/2/3, 175, 193, 8, 37, 5, 8
2025/2/4, 206, 126, 10, 26, 4, 4
2025/2/5, 180, 127, 10, 34, 5, 5
2025/2/6, 167, 117, 12, 30, 6, 4
2025/2/7, 152, 118, 12, 33, 5, 6
2025/2/8, 160, 141, 14, 41, 7, 9
2025/2/9, 177, 151, 7, 37, 7, 9
2025/2/10, 190, 157, 12, 42, 6, 10
2025/2/11, 187, 113, 9, 28, 4, 6
2025/2/12, 142, 103, 13, 26, 5, 3
2025/2/13, 137, 111, 13, 33, 6, 6
2025/2/14, 141, 106, 19, 26, 5, 6
2025/2/15, 156, 137, 15, 33, 5, 6
2025/2/16, 193, 109, 12, 33, 5, 7
2025/2/17, 163, 116, 6, 32, 5, 7
2025/2/18, 147, 120, 8, 34, 5, 7
2025/2/19, 155, 73, 11, 20, 3, 2
2025/2/20, 119, 97, 8, 30, 4, 6
2025/2/21, 158, 92, 7, 28, 3, 5
2025/2/22, 143, 94, 9, 26, 4, 6
2025/2/23, 155, 90, 8, 29, 5, 5
2025/2/24, 127, 108, 10, 30, 4, 7
2025/2/25, 154, 135, 17, 39, 5, 9
2025/2/26, 169, 92, 4, 25, 4, 5
2025/2/27, 119, 70, 6, 18, 3, 2
2025/2/28, 118, 69, 6, 20, 4, 3
2025/3/1, 127, 87, 6, 27, 4, 4
2025/3/2, 118, 92, 11, 30, 5, 4
2025/3/3, 122, 99, 8, 24, 4, 3
2025/3/4, 122, 77, 10, 20, 5, 3
2025/3/5, 89, 90, 12, 27, 5, 4
2025/3/6, 108, 107, 7, 29, 8, 6
2025/3/7, 142, 99, 6, 28, 7, 4
2025/3/8, 134, 91, 13, 26, 7, 5
2025/3/9, 146, 106, 16, 24, 8, 3
2025/3/10, 157, 131, 10, 38, 9, 7
2025/3/11, 166, 137, 3, 35, 8, 6
2025/3/12, 163, 118, 4, 32, 9, 5
2025/3/13, 161, 83, 5, 18, 8, 4
2025/3/14, 138, 50, 6, 13, 7, 2
2025/3/15, 66, 73, 71, 19, 9, 2
2025/3/16, 121, 81, 31, 26, 8, 4
2025/3/17, 125, 88, 9, 28, 7, 5
2025/3/18, 116, 99, 11, 31, 8, 4
2025/3/19, 132, 93, 11, 29, 9, 6
2025/3/20, 120, 103, 12, 30, 9, 5
2025/3/21, 130, 100, 10, 29, 10, 5
2025/3/22, 137, 104, 16, 35, 9, 4
2025/3/23, 149, 97, 15, 33, 8, 4
2025/3/24, 139, 113, 16, 35, 9, 3
2025/3/25, 150, 117, 8, 42, 11, 6
2025/3/26, 119, 140, 3, 32, 9, 7
2025/3/27, 128, 135, 9, 24, 9, 3
2025/3/28, 104, 96, 12, 25, 9, 3
2025/3/29, 86, 88, 13, 28, 10, 4
2025/3/30, 109, 103, 9, 32, 11, 4
2025/3/31, 129, 119, 9, 34, 11, 4
2024/10/1, 149, 107, 2, 23, 2, 11
2024/10/2, 144, 106, 2, 25, 2, 10
2024/10/3, 107, 107, 1, 24, 2, 13
2024/10/4, 120, 92, 1, 21, 2, 10
2024/10/5, 97, 90, 2, 18, 3, 10
2024/10/6, 102, 98, 2, 24, 2, 9
2024/10/7, 111, 122, 3, 19, 2, 11
2024/10/8, 144, 110, 4, 38, 2, 11
2024/10/9, 147, 108, 3, , 3, 9
2024/10/10, 129, 110, 6, , 2, 18
2024/10/11, 140, 100, 6, , 2, 11
2024/10/12, 139, 117, 6, , 3, 8
2024/10/13, 154, 124, 5, 40, 4, 6
2024/10/14, 159, 125, 3, 37, 3, 11
2024/10/15, 152, 144, 5, 47, 3, 7
2024/10/16, 162, 152, 16, 48, 4, 8
2024/10/17, 173, 140, 4, 45, 3, 9
2024/10/18, 165, 142, 4, , 4, 8
2024/10/19, 163, 132, 7, , 2, 5
2024/10/20, 177, 144, 7, , 2, 7
2024/10/21, 188, 161, 8, 46, 2, 9
2024/10/22, 188, 227, 1, , 1, 9
2024/10/23, 213, 167, 2, , 2, 8
2024/10/24, 180, 166, 2, 1, 3, 6
2024/10/25, 197, 162, 4, 1, 3, 6
2024/10/26, 195, 150, 11, 1, 2, 8
2024/10/27, 218, 129, 13, 1, 2, 20
2024/10/28, 190, 110, 1, 1, 2, 6
2024/10/29, 172, 167, 6, 7, 3, 8
2024/10/30, 190, 222, 1, 32, 3, 7
2024/10/31, 252, 270, 1, 26, 7, 8
2024/11/1, 280, 161, 1, 32, 3, 9
2024/11/2, 217, 179, 4, 33, 3, 
2024/11/3, 256, 218, 1, 39, 2, 13
2024/11/4, 256, 145, 1, 34, 1, 10
2024/11/5, 203, 168, 13, 48, 1, 15
2024/11/6, 218, 180, 10, 35, 1, 12
2024/11/7, 256, 159, , 27, 2, 12
2024/11/8, 228, 151, , 29, 2, 10
2024/11/9, 213, 140, 1, 25, 1, 10
2024/11/10, 208, 140, 7, 27, 1, 12
2024/11/11, 202, 196, 1, 39, 2, 16
2024/11/12, 224, 445, , 28, 2, 16
2024/11/13, 411, 268, 1, 23, 4, 18
2024/11/14, 272, , , , , 
2024/11/16, 311, 398, 1, 29, 1, 18
2024/11/17, 427, 672, 1, 29, 2, 20
2024/11/18, 555, 335, 1, 40, 2, 17
2024/11/19, 349, 214, 1, 31, 1, 15
2024/11/20, 282, 172, 1, 33, 2, 16
2024/11/21, 227, 243, 1, 36, 2, 15
2024/11/22, 289, 187, 1, 37, 2, 17
2024/11/23, 246, 144, 1, 31, 2, 17
2024/11/24, 194, 261, 1, 29, 1, 15
2024/11/25, 289, 153, 1, 34, 1, 8
2024/11/26, 204, 146, , 35, 2, 9
2024/11/27, 196, 157, 1, 29, 1, 11
2024/11/28, 211, 191, 1, 46, 2, 14
2024/11/29, 226, 171, , 35, 1, 12
2024/11/30, 215, 132, , 30, 1, 8
2024/12/1, 184, 140, , 32, 2, 10
2024/12/2, 189, 133, , 30, 1, 10
2024/12/3, 176, 121, , 33, 1, 7
2024/12/4, 156, 116, 3, 33, 2, 6
2024/12/5, 153, 114, 2, 31, 2, 8
2024/12/6, 160, 118, 3, 33, 1, 9
2024/12/7, 166, 130, 4, 33, 1, 9
2024/12/8, 189, 122, 3, 34, 1, 8
2024/12/9, 172, 128, 3, 32, 2, 7
2024/12/10, 172, 132, 4, 37, 2, 8
2024/12/11, 178, 180, 2, 42, 2, 11
2024/12/12, 221, 150, 3, 37, 1, 5
2024/12/13, 189, 131, 3, 34, 2, 7
2024/12/14, 176, 169, 6, 36, 2, 10
2024/12/15, 226, 316, 7, 61, 2, 12
2024/12/16, 312, 244, 12, 50, 3, 10
2024/12/17, 300, 383, 3, 45, 4, 12
2024/12/18, 375, 233, 9, 31, 3, 11
2024/12/19, 293, 326, 8, 39, 4, 15
2024/12/20, 351, 204, 3, 36, 4, 10
2024/12/21, 259, 240, 13, 34, 4, 14
2024/12/22, 312, 231, 4, 38, 3, 9
2024/12/23, 300, 140, 6, 30, 5, 11
2024/12/24, 209, 187, 2, 30, 4, 11
2024/12/25, 247, 168, 5, 27, 4, 11
2024/12/26, 239, 126, 2, 24, 3, 3
2024/12/27, 206, 91, 1, 23, 4, 8
2024/12/28, 157, 108, 2, 17, 3, 4
2024/12/29, 173, , , , , 
2024/7/1, 99, 97, 1, 14, , 3
2024/7/2, 98, 69, 4, 12, , 3
2024/7/3, 92, 40, 4, 9, , 4
2024/7/4, 68, 52, 3, 10, , 6
2024/7/5, 77, 44, 8, 6, , 10
2024/7/6, 76, 21, 3, 6, , 26
2024/7/7, 31, 37, 2, 6, , 13
2024/7/8, 52, 69, 2, 11, , 7
2024/7/9, 99, 98, 4, 13, , 9
2024/7/10, 138, 98, 5, 12, , 5
2024/7/11, 123, 90, 3, 13, , 5
2024/7/12, 77, 81, 4, 13, , 6
2024/7/13, 94, 80, 5, 13, , 4
2024/7/14, 106, 68, 5, 8, , 5
2024/7/15, 119, 64, 6, 8, , 4
2024/7/16, 108, 60, 5, 6, , 4
2024/7/17, 71, 105, 5, 17, , 10
2024/7/18, 114, 91, 5, 10, , 6
2024/7/19, 135, 67, 4, 7, , 5
2024/7/20, 134, 63, 3, 8, , 5
2024/7/21, 106, 63, 3, 10, , 7
2024/7/22, 97, 71, 4, 10, , 6
2024/7/23, 108, 128, 4, 23, , 13
2024/7/24, 158, 65, 5, 11, , 6
2024/7/25, 99, 85, 4, 13, , 9
2024/7/26, 116, 76, 4, 11, , 7
2024/7/27, 119, 44, 6, 8, , 11
2024/7/28, 52, 44, 5, 7, , 7
2024/7/29, 79, 64, 4, 10, , 10
2024/7/30, 104, 62, 1, 11, , 6
2024/7/31, 85, 27, 1, 10, 1, 5
2024/8/1, 41, 40, 1, 10, 1, 6
2024/8/2, 70, 40, 1, 7, 1, 4
2024/8/3, 64, 29, 2, 6, 1, 4
2024/8/4, 41, 29, 3, 6, 1, 4
2024/8/5, 55, 41, 3, 9, 1, 5
2024/8/6, 46, 31, 2, 7, 1, 6
2024/8/7, 44, 33, 3, 6, 1, 5
2024/8/8, 52, 35, 3, 7, 1, 3
2024/8/9, 67, 50, 3, 8, 1, 4
2024/8/10, 78, 46, 3, 9, 1, 5
2024/8/11, 70, 56, 2, 8, 1, 7
2024/8/12, 92, 33, 1, 8, 1, 4
2024/8/13, 49, 61, 1, 8, 1, 5
2024/8/14, 102, 39, 1, 6, 1, 4
2024/8/15, 67, 39, 1, 8, 1, 4
2024/8/16, 56, 57, 1, 11, 2, 8
2024/8/17, 72, 77, 1, 8, 2, 7
2024/8/18, 82, 68, 1, 4, 2, 7
2024/8/19, 79, 90, 1, 15, 1, 11
2024/8/20, 76, 67, 1, 10, 1, 7
2024/8/21, 69, 69, 3, 10, 1, 7
2024/8/22, 66, 53, 2, 9, , 7
2024/8/23, 71, 70, 4, 8, , 7
2024/8/24, 114, 38, 2, 6, , 4
2024/8/25, 78, 35, 4, 6, 1, 5
2024/8/26, 67, 30, 4, 12, 2, 6
2024/8/27, 52, 48, 5, 15, 2, 7
2024/8/28, 65, 38, 4, 15, 2, 8
2024/8/29, 59, 97, 7, 23, 2, 13
2024/8/30, 115, 82, 5, 20, 2, 6
2024/8/31, 100, 73, 4, 16, 3, 9
2024/9/1, 89, 54, 5, 20, 1, 8
2024/9/2, 75, 55, 4, 16, 2, 7
2024/9/3, 79, 45, 5, 17, 2, 8
2024/9/4, 67, 86, 9, 34, 2, 10
2024/9/5, 124, 46, 5, 15, 1, 7
2024/9/6, 68, 42, 38, 18, 2, 9
2024/9/7, 78, 102, 2, 22, 2, 12
2024/9/8, 138, 89, 4, 21, 2, 10
2024/9/9, 135, 69, 12, 20, 2, 9
2024/9/10, 111, 81, 3, 21, 2, 11
2024/9/11, 103, 23, 2, 11, 1, 5
2024/9/12, 48, 40, 1, 19, 2, 9
2024/9/13, 53, 71, 3, 21, 2, 8
2024/9/14, 73, 113, 3, 23, 1, 11
2024/9/15, 100, 115, 1, 20, 2, 9
2024/9/16, 109, 111, 2, 21, 2, 10
2024/9/17, 128, 53, 4, 18, 3, 8
2024/9/18, 91, 41, 4, 14, 2, 6
2024/9/19, 79, 64, 4, 17, 1, 8
2024/9/20, 80, 72, 3, 18, 2, 9
2024/9/21, 91, 101, 2, 22, 2, 12
2024/9/22, 147, 128, 3, 26, 2, 13
2024/9/23, 161, 130, 4, 27, 3, 12
2024/9/24, 166, 95, 2, 18, 2, 8
2024/9/25, 150, 47, 3, 11, 2, 6
2024/9/26, 71, 36, 4, 9, 1, 4
2024/9/27, 39, 37, 6, 14, 2, 5
2024/9/28, 45, 51, 4, 14, 1, 7
2024/9/29, 70, 96, 2, 21, 2, 11
2024/9/30, 137, 112, 3, 26, 2, 11
2024/4/1, 105, 113, 11, 19, 3, 7
2024/4/2, 121, 107, 18, 20, 3, 6
2024/4/3, 126, 117, 15, 20, 3, 8
2024/4/4, 113, 127, 8, 21, 4, 8
2024/4/5, 124, 131, 14, 22, 5, 8
2024/4/6, 145, 133, 14, 20, 3, 7
2024/4/7, 144, 118, 13, 22, 3, 8
2024/4/8, 129, 112, 20, 26, 3, 8
2024/4/9, 138, 117, 33, 19, 3, 7
2024/4/10, 147, 96, 20, , , 
2024/4/11, 100, 106, 16, 17, 4, 12
2024/4/12, 118, 149, 14, 19, 2, 7
2024/4/13, 125, 102, 6, 15, 2, 5
2024/4/14, 127, 132, 16, 17, 2, 6
2024/4/15, 156, 143, 6, 18, 2, 5
2024/4/16, 127, 119, 14, 16, 2, 4
2024/4/17, 99, 194, 12, 19, 2, 5
2024/4/18, 114, 191, 7, 16, 2, 6
2024/4/19, 110, 178, 11, 15, 2, 5
2024/4/20, 117, 115, 14, 15, 2, 5
2024/4/21, 105, 127, 13, 20, 1, 7
2024/4/22, 102, 162, 20, 16, 2, 4
2024/4/23, 130, 136, 14, 18, 1, 8
2024/4/24, 121, 180, 15, 19, 2, 4
2024/4/25, 146, 126, 20, 23, 1, 5
2024/4/26, 109, 151, 11, 17, 1, 5
2024/4/27, 108, 115, 18, 15, 1, 4
2024/4/28, 106, 156, 25, 15, 3, 5
2024/4/29, 132, 139, 16, 17, 3, 5
2024/4/30, 123, 157, 14, 16, 2, 4
2024/5/1, 120, 200, 19, 19, 3, 6
2024/5/2, 141, 241, 18, 24, 3, 7
2024/5/3, 175, 250, 22, 25, 4, 6
2024/5/4, 199, 215, 22, 25, 4, 8
2024/5/5, 189, 208, 20, 20, 3, 5
2024/5/6, 171, 223, 37, 19, 3, 8
2024/5/7, 208, 142, 15, 10, 1, 4
2024/5/8, 147, 104, 22, 8, 1, 4
2024/5/9, 129, 122, 23, 10, 1, 4
2024/5/10, 151, 173, 29, 12, , 3
2024/5/11, 124, 118, 28, 16, 2, 6
2024/5/12, 151, 137, 25, 20, 2, 6
2024/5/13, 149, 163, 23, 23, 2, 6
2024/5/14, 169, 166, 31, 22, 3, 6
2024/5/15, 168, 137, 47, 20, 3, 6
2024/5/16, 162, 150, 20, 25, 1, 8
2024/5/17, 155, 236, 19, 24, 3, 8
2024/5/18, 179, 181, 21, 20, 3, 6
2024/5/20, 133, 152, 28, 12, 2, 5
2024/5/21, 148, 119, 17, 8, 1, 5
2024/5/22, 145, 97, 15, 7, 1, 5
2024/5/23, 111, 97, 19, 8, 1, 5
2024/5/24, 114, 120, 15, 14, 1, 6
2024/5/25, 135, 117, 25, 14, 2, 6
2024/5/26, 114, 144, 25, 19, 3, 6
2024/5/27, 145, 176, 23, 24, 2, 7
2024/5/28, 139, 191, 15, 18, 1, 6
2024/5/29, 118, 150, 17, 17, 1, 5
2024/5/30, 99, 155, 21, 14, 1, 5
2024/5/31, 104, 224, 10, 16, 1, 6
2024/6/1, 117, 119, 19, 13, 1, 4
2024/6/2, 86, 128, 15, 15, 1, 6
2024/6/3, 103, 161, 21, 14, 1, 6
2024/6/4, 123, 201, 8, 12, 1, 5
2024/6/5, 114, 106, 21, 13, , 6
2024/6/6, 112, 216, 14, 14, 1, 5
2024/6/7, 110, 188, 16, 12, 1, 6
2024/6/8, 116, 125, 20, 15, 3, 6
2024/6/9, 112, 121, 19, 15, 2, 6
2024/6/10, 105, 205, 18, 19, 3, 7
2024/6/11, 135, 162, 18, 18, 1, 7
2024/6/12, 113, 153, 14, 14, 1, 6
2024/6/13, 101, 193, 10, 10, 1, 7
2024/6/14, 88, 138, 10, 12, 1, 9
2024/6/15, 84, 144, 3, 22, 2, 16
2024/6/16, 96, 131, 10, 12, 3, 8
2024/6/17, 103, 223, 5, 10, 2, 7
2024/6/18, 120, 216, 9, 9, 1, 7
2024/6/19, 102, 122, 14, 7, , 7
2024/6/20, 73, 119, 16, 11, 1, 9
2024/6/21, 143, 100, 2, 14, 1, 11
2024/6/22, 135, 93, 1, 11, , 7
2024/6/23, 142, 98, , 11, , 9
2024/6/24, 122, 97, 2, 10, , 8
2024/6/25, 145, 81, 2, 11, , 5
2024/6/26, 114, 42, 1, 7, , 5
2024/6/27, 76, 60, 1, 10, , 6
2024/6/28, 91, 93, 1, 13, , 4
2024/6/29, 110, 98, 2, 10, , 20
2024/6/30, 124, 116, , 18, , 6
2024/1/1, 249, 234, 7, 19, 2, 12
2024/1/2, 249, 239, 5, 19, 2, 15
2024/1/3, 262, 325, 2, 17, 2, 15
2024/1/4, 294, 236, 2, 17, 2, 13
2024/1/5, 231, 264, 4, 19, 2, 14
2024/1/6, 263, 189, 8, 18, 1, 11
2024/1/7, 226, 385, 4, 21, 2, 16
2024/1/8, 292, 195, 3, 16, 1, 10
2024/1/9, 204, 235, 4, 17, 1, 12
2024/1/10, 232, 282, 5, 16, 2, 15
2024/1/11, 267, 236, 5, 10, 3, 12
2024/1/12, 258, 507, 10, 11, , 18
2024/1/13, 411, 448, 7, 11, 2, 19
2024/1/14, 390, 235, 7, 10, 1, 15
2024/1/15, 255, 214, 10, 8, 1, 12
2024/1/16, 286, 202, 12, 9, 1, 9
2024/1/17, 249, 185, 8, 9, 1, 10
2024/1/18, 223, 168, 6, 8, 1, 8
2024/1/19, 227, 215, 10, 9, 1, 10
2024/1/20, 237, 194, 5, 8, 1, 13
2024/1/21, 235, 309, 11, 9, 1, 11
2024/1/22, 287, 303, 10, 10, 1, 11
2024/1/23, 274, 424, 6, 11, 1, 14
2024/1/24, 343, 288, 7, 10, 1, 13
2024/1/25, 267, 328, 11, 11, 1, 15
2024/1/26, 336, 267, 7, 10, 1, 14
2024/1/27, 269, 261, 8, 11, 1, 12
2024/1/28, 309, 307, 8, 11, 1, 15
2024/1/29, 284, 347, 4, 10, 1, 14
2024/1/30, 303, 216, 4, 9, 1, 12
2024/1/31, 267, 71, 6, 7, 1, 4
2024/2/1, 133, 222, 4, 8, 1, 12
2024/2/2, 187, 247, 4, 10, 2, 11
2024/2/3, 186, 206, 6, 8, 1, 10
2024/2/4, 212, 142, 4, 7, 1, 8
2024/2/5, 168, 177, 6, 8, 1, 9
2024/2/6, 157, 181, 6, 9, 1, 7
2024/2/7, 174, 125, 7, 9, 1, 7
2024/2/8, 160, 118, 6, 10, 1, 7
2024/2/9, 150, 229, 13, 11, 1, 14
2024/2/10, 228, 225, 10, 10, 1, 9
2024/2/11, 224, 227, 8, 10, 1, 11
2024/2/12, 222, 297, 8, 20, 1, 13
2024/2/13, 265, 236, 9, 23, 2, 10
2024/2/14, 232, 173, 10, 22, 1, 9
2024/2/15, 193, 184, 11, 22, 1, 11
2024/2/16, 187, 157, 11, 23, 1, 15
2024/2/17, 184, 123, 13, 22, 1, 13
2024/2/18, 175, 132, 19, 17, 1, 9
2024/2/19, 169, 152, 11, 20, 1, 14
2024/2/20, 182, 167, 8, 21, 1, 15
2024/2/21, 173, 126, 8, 21, 2, 16
2024/2/22, 137, 130, 11, 23, 2, 19
2024/2/23, 141, 133, 16, 23, 2, 21
2024/2/24, 156, 109, 16, 19, 2, 18
2024/2/25, 145, 136, 12, 23, 2, 22
2024/2/26, 154, 114, 10, 21, 2, 23
2024/2/27, 140, 121, 9, 21, 2, 23
2024/2/28, 144, 131, 10, 24, 2, 26
2024/2/29, 154, 140, 28, 23, 2, 30
2024/3/1, 170, 55, 10, 9, 1, 15
2024/3/2, 73, 127, 13, 17, 1, 20
2024/3/3, 112, 94, 13, 18, 1, 23
2024/3/4, 111, 102, 11, 20, 2, 25
2024/3/5, 133, 116, 10, 22, 2, 28
2024/3/6, 160, 128, 10, 21, 1, 21
2024/3/7, 151, 122, 10, 21, 2, 176
2024/3/8, 142, 120, 11, 23, 2, 425
2024/3/9, 140, 131, 15, 22, 2, 476
2024/3/10, 164, 118, 14, 23, 2, 346
2024/3/11, 155, 128, 12, 22, 2, 7
2024/3/12, 156, 109, 10, 21, 2, 11
2024/3/13, 142, 121, 12, 19, 2, 10
2024/3/14, 148, 103, 9, 20, 2, 11
2024/3/15, 116, 134, 14, 23, 3, 10
2024/3/16, 158, 154, 1, 20, 1, 9
2024/3/17, 172, 142, 11, 22, 3, 9
2024/3/18, 145, 145, 14, 22, 3, 8
2024/3/19, 156, 158, 16, 21, 3, 6
2024/3/20, 158, 107, 17, 16, 2, 3
2024/3/21, 153, 108, 21, 15, 2, 5
2024/3/22, 156, 144, 12, 20, 2, 6
2024/3/23, 173, 111, 3, 16, 1, 2
2024/3/24, 94, 108, 11, 14, 2, 3
2024/3/25, 140, 111, 10, 19, 3, 2
2024/3/26, 144, 126, 11, 20, 2, 4
2024/3/27, 136, 120, 15, 19, 3, 8
2024/3/28, 136, 126, 26, 16, 5, 6
2024/3/29, 148, 130, 16, 15, 2, 6
2024/3/30, 137, , , , , 
2023/10/1, 149, 115, 8, 13, 1, 8
2023/10/2, 142, 132, 6, 16, 1, 10
2023/10/3, 139, 149, 8, 18, 1, 11
2023/10/4, 145, 143, 7, 17, 1, 10
2023/10/5, 159, 137, 5, 17, 1, 10
2023/10/6, 154, 120, 2, 13, , 10
2023/10/7, 138, 112, 1, 13, , 9
2023/10/8, 124, 116, 2, 13, , 9
2023/10/9, 124, 151, 2, 18, 1, 14
2023/10/10, 145, 132, 3, 15, 1, 8
2023/10/11, 151, 133, 5, 16, 2, 10
2023/10/12, 165, 170, 5, 19, 2, 12
2023/10/13, 175, 139, 3, 17, 2, 11
2023/10/14, 160, 133, 5, 13, 2, 12
2023/10/15, 137, 126, 7, 11, 2, 7
2023/10/16, 116, 75, 7, 13, 2, 9
2023/10/17, 104, 127, 2, 16, 2, 12
2023/10/18, 121, 109, 3, 15, 1, 9
2023/10/19, 135, 130, 4, 16, 2, 10
2023/10/20, 168, 139, 7, 17, 2, 9
2023/10/21, 187, 172, 7, 17, 3, 13
2023/10/22, 204, 154, 3, 14, 1, 11
2023/10/23, 185, 128, 4, , , 9
2023/10/24, 174, 131, 2, 25, 3, 16
2023/10/25, 157, 168, 3, 22, 1, 11
2023/10/26, 183, 174, 7, 22, 2, 11
2023/10/27, 186, 174, 10, 23, 2, 12
2023/10/28, 191, 167, 19, 20, 2, 13
2023/10/29, 198, 180, 20, 20, 3, 12
2023/10/30, 204, 217, 50, 19, 3, 12
2023/10/31, 239, 197, 23, 17, 2, 10
2023/11/1, 233, 397, 13, 22, 4, 15
2023/11/2, 344, 416, 10, 20, 2, 16
2023/11/3, 349, 425, 5, 19, 2, 16
2023/11/4, 363, 399, 6, 19, 2, 13
2023/11/5, 364, 287, 21, 23, 2, 13
2023/11/6, 301, 337, 11, 26, 3, 18
2023/11/7, 300, 429, 11, 23, 4, 17
2023/11/8, 345, 430, 2, 22, 3, 16
2023/11/9, 358, 160, 7, 14, 2, 11
2023/11/10, 202, 176, 3, 14, 3, 10
2023/11/11, 175, 145, 5, 13, 2, 8
2023/11/12, 183, 510, 3, 15, 3, 10
2023/11/13, 430, 262, 2, 21, 3, 11
2023/11/14, 278, 255, 3, 18, 3, 10
2023/11/15, 300, 480, 3, 26, 3, 15
2023/11/16, 398, 239, 5, 18, 2, 13
2023/11/17, 281, 152, 4, 17, 2, 9
2023/11/18, 200, 137, 5, 16, 2, 7
2023/11/19, 194, 223, 2, 22, 2, 14
2023/11/20, 240, 305, 2, 22, 2, 13
2023/11/21, 292, 311, 2, 22, 3, 10
2023/11/22, 314, 231, 4, 21, 2, 14
2023/11/23, 271, 311, 4, 27, 3, 18
2023/11/24, 306, 300, 2, 23, 2, 14
2023/11/25, 293, 264, 5, 23, 3, 21
2023/11/26, 272, 232, 3, 20, 2, 13
2023/11/27, 265, 156, 2, 17, 2, 11
2023/11/28, 206, 156, 3, 13, 2, 11
2023/11/29, 205, 254, 3, 17, 2, 15
2023/11/30, 276, 270, 1, 17, 2, 13
2023/12/1, 269, 200, 3, 17, 3, 12
2023/12/2, 217, 191, 11, 19, 2, 12
2023/12/3, 206, 205, 11, 19, 3, 11
2023/12/4, 207, 171, 6, 18, 2, 11
2023/12/5, 190, 163, 6, 19, 2, 12
2023/12/6, 190, 208, 6, 21, 2, 13
2023/12/7, 209, 181, 7, 21, 2, 14
2023/12/8, 197, 194, 7, 20, 2, 15
2023/12/9, 217, 182, 9, 19, 3, 12
2023/12/10, 213, 172, 6, 21, 3, 13
2023/12/11, 210, 185, 18, 21, 2, 16
2023/12/12, 234, 296, 23, 24, 2, 15
2023/12/13, 271, 191, 27, 20, 3, 9
2023/12/14, 221, 223, 5, 23, 3, 11
2023/12/15, 233, 239, 7, 23, 3, 12
2023/12/16, 250, 212, 14, 21, 3, 9
2023/12/17, 244, , , , , 
2023/12/19, 187, 188, 3, 22, 1, 11
2023/12/20, 209, 266, 4, 24, 2, 13
2023/12/21, 269, 454, 6, 30, 2, 17
2023/12/22, 374, 327, 12, 26, 1, 11
2023/12/23, 337, 311, 8, 27, 1, 17
2023/12/24, 304, 244, 5, 23, 1, 13
2023/12/25, 277, 288, 3, 23, 1, 14
2023/12/26, 297, 306, 6, 23, 1, 14
2023/12/27, 302, 249, 4, 20, 1, 12
2023/12/28, 259, 352, 7, 24, 1, 13
2023/12/29, 314, 328, 10, 24, 1, 12
2023/12/30, 318, 291, 6, 23, 2, 12
2023/12/31, 297, 222, 5, 19, 1, 11
2023/7/1, 71, 46, 3, 2, 1, 6
2023/7/2, 70, 114, 4, 11, 1, 10
2023/7/3, 144, 92, 5, 6, 1, 8
2023/7/4, 122, 61, 6, 4, 1, 8
2023/7/5, 109, 42, 6, 6, 1, 6
2023/7/6, 79, 49, 4, 7, 1, 6
2023/7/7, 90, 27, 3, 3, 1, 6
2023/7/8, 55, , , , , 
2023/7/10, 75, 69, 16, 10, , 8
2023/7/11, 101, 58, 15, 4, , 7
2023/7/12, 93, 67, 72, 4, 1, 5
2023/7/13, 102, , , , , 
2023/7/21, 138, 56, 21, 7, , 4
2023/7/22, 88, 44, 4, 4, , 6
2023/7/23, 66, 50, 8, 6, , 5
2023/7/24, 74, , , , , 
2023/7/26, 65, 70, 33, 10, , 9
2023/7/27, 99, 55, 12, 11, , 7
2023/7/28, 91, 46, 6, 10, , 7
2023/7/29, 50, 72, 6, 9, , 7
2023/7/30, 65, 89, 6, 10, , 8
2023/7/31, 115, 79, 6, 9, , 6
2023/8/1, 73, 90, 6, 8, , 7
2023/8/2, 72, 84, 6, 8, 1, 8
2023/8/3, 79, 82, 11, 11, , 8
2023/8/4, 95, 85, 12, 17, 1, 12
2023/8/5, 103, 85, 11, 9, 1, 7
2023/8/6, 78, 97, 6, 12, 1, 7
2023/8/7, 72, 104, 6, 9, 1, 7
2023/8/8, 75, 105, 6, 9, 1, 7
2023/8/9, 80, 111, 5, 11, 1, 8
2023/8/10, 87, 106, 6, 9, 1, 6
2023/8/11, 96, 115, 6, 10, , 8
2023/8/12, 88, 86, 5, 9, , 6
2023/8/13, 76, 84, 13, 11, 1, 8
2023/8/14, 83, 71, 8, 9, 1, 6
2023/8/15, 107, 99, 5, 10, 1, 7
2023/8/16, 122, 130, 6, 8, , 6
2023/8/17, 103, 123, 5, 10, , 6
2023/8/18, 108, 74, 7, 9, , 9
2023/8/19, 107, 63, 33, 8, , 6
2023/8/20, 102, 77, 7, 11, , 8
2023/8/21, 102, 78, 4, 11, , 8
2023/8/22, 98, 59, 4, 9, , 9
2023/8/23, 67, 121, 3, 9, , 8
2023/8/24, 80, 118, 4, 10, , 7
2023/8/25, 85, 147, 5, 10, , 8
2023/8/26, 103, 166, 7, 9, , 6
2023/8/27, 123, 137, 6, 10, , 8
2023/8/28, 105, 131, 6, 13, , 9
2023/8/29, 105, 127, 11, 14, , 8
2023/8/30, 114, 117, 8, 14, 1, 9
2023/8/31, 111, 125, 7, 14, , 8
2023/9/1, 101, 122, 8, 14, , 7
2023/9/2, 97, 120, 9, 14, , 7
2023/9/3, 94, 106, 9, 14, , 7
2023/9/4, 89, 79, 24, 13, 1, 6
2023/9/5, 101, 76, 15, 15, , 8
2023/9/6, 77, 78, 23, 17, , 8
2023/9/7, 89, 50, 20, 12, , 5
2023/9/8, 69, 23, 8, 10, , 5
2023/9/9, 40, 11, 8, 9, , 4
2023/9/10, 22, 45, 15, 11, , 6
2023/9/11, 75, 68, 15, 9, , 7
2023/9/12, 96, 65, 7, 10, 1, 8
2023/9/13, 124, 70, 15, 9, 1, 7
2023/9/14, 137, 56, 6, 14, 1, 6
2023/9/15, 93, 46, 4, 9, , 5
2023/9/16, 85, 38, 4, 7, , 6
2023/9/17, 74, 28, 3, 6, , 5
2023/9/18, 42, 50, 3, 9, , 7
2023/9/19, 64, 75, 4, 13, , 10
2023/9/20, 90, 91, 4, 12, , 10
2023/9/21, 106, 91, 5, 11, , 9
2023/9/22, 129, 77, 4, 11, , 9
2023/9/23, 117, 90, 4, 12, , 10
2023/9/24, 129, 92, 14, 11, , 8
2023/9/25, 149, 107, 6, 12, 1, 9
2023/9/26, 155, 121, 5, 13, 1, 9
2023/9/27, 129, 133, 8, 15, 1, 10
2023/9/28, 140, 127, 12, 17, , 9
2023/9/29, 146, 136, 8, 15, 1, 9
2023/9/30, 144, 129, 8, 12, , 7
2023/4/1, 105, 102, 7, 12, 1, 9
2023/4/2, 122, 101, 12, 11, 1, 8
2023/4/3, 133, 98, 9, 12, 1, 8
2023/4/4, 104, 138, 7, 16, 2, 8
2023/4/5, 129, 126, 9, 12, 2, 8
2023/4/6, 107, 132, 8, 16, 3, 8
2023/4/7, 121, 150, 11, 16, 2, 9
2023/4/8, 144, 147, 12, 16, 2, 10
2023/4/9, 150, 164, 11, 19, 3, 10
2023/4/10, 152, 193, 9, 19, 2, 11
2023/4/11, 165, 174, 8, 17, 2, 9
2023/4/12, 143, 161, 7, 16, 2, 11
2023/4/13, 151, 167, 9, 19, 2, 11
2023/4/14, 154, 138, 15, 19, 1, 11
2023/4/15, 139, 137, 6, 18, 1, 9
2023/4/16, 121, 149, 9, 18, 2, 9
2023/4/17, 125, 146, 5, 14, 1, 11
2023/4/18, 135, 246, 12, 13, 1, 7
2023/4/19, 136, 109, 7, 12, 1, 8
2023/4/20, 109, 109, 10, 13, 1, 6
2023/4/21, 112, 100, 18, 9, 1, 5
2023/4/22, 107, 85, 12, 7, 1, 6
2023/4/23, 75, 122, 11, 8, 2, 7
2023/4/24, 131, 102, 24, 10, 1, 7
2023/4/25, 134, 127, 25, 19, 2, 9
2023/4/26, 155, 146, 15, 19, 1, 8
2023/4/27, 147, 124, 12, 19, 2, 10
2023/4/28, 144, 146, 5, 18, 1, 9
2023/4/29, 149, 201, 13, 12, 1, 6
2023/4/30, 139, 64, 4, 7, , 6
2023/5/1, 123, 53, 9, 6, , 5
2023/5/2, 112, 75, 9, 9, 1, 7
2023/5/3, 110, 104, 23, 14, 1, 8
2023/5/4, 137, 149, 12, 18, 1, 10
2023/5/5, 165, 153, 6, 16, 1, 11
2023/5/6, 159, 113, 16, 12, 1, 5
2023/5/7, 149, 87, 15, 11, 1, 7
2023/5/8, 122, 208, 18, 16, 2, 9
2023/5/9, 180, 153, 16, 18, 4, 8
2023/5/10, 158, 174, 20, 19, 2, 10
2023/5/11, 178, 138, 20, 21, 2, 10
2023/5/12, 153, 131, 34, 17, 2, 9
2023/5/13, 160, 184, 25, 18, 2, 9
2023/5/14, 167, 124, 15, 15, 1, 7
2023/5/15, 92, 540, 8, 14, 1, 8
2023/5/16, 167, 287, 11, 16, 3, 7
2023/5/17, 158, 94, 15, 11, 1, 6
2023/5/18, 96, 141, 15, 18, 2, 9
2023/5/19, 146, 145, 15, 17, 2, 7
2023/5/20, 136, 141, 20, 20, 2, 10
2023/5/21, 137, 184, 9, 15, 1, 8
2023/5/22, 130, 223, 8, 10, 2, 5
2023/5/23, 110, 109, 8, 9, 1, 6
2023/5/24, 76, 91, 13, 11, 1, 6
2023/5/25, 64, 68, 13, 13, 1, 6
2023/5/26, 61, 63, 14, 11, 1, 6
2023/5/27, 72, 83, 17, 13, 1, 8
2023/5/28, 112, 123, 3, 20, , 13
2023/5/29, 119, 81, 8, 11, 1, 8
2023/5/30, 101, 80, 4, 13, 1, 9
2023/5/31, 96, 133, 4, 14, 1, 10
2023/6/1, 131, 147, 9, 13, 1, 8
2023/6/2, 118, 122, 7, 15, 1, 9
2023/6/3, 118, 147, 10, 16, 1, 10
2023/6/4, 163, 129, 11, 16, 1, 9
2023/6/5, 142, 174, 16, 13, 1, 7
2023/6/6, 117, 369, 12, 15, 1, 7
2023/6/7, 156, 142, 12, 23, 2, 8
2023/6/8, 131, 127, 9, 13, 2, 7
2023/6/9, 105, 133, 7, 12, 1, 8
2023/6/10, 93, 130, 11, 10, 1, 7
2023/6/11, 93, 148, 8, 12, 2, 9
2023/6/12, 118, 216, 5, 10, 2, 8
2023/6/13, 127, 167, 7, 7, 1, 6
2023/6/14, 99, 123, 5, 9, 1, 7
2023/6/15, 86, 96, 5, 9, 2, 9
2023/6/16, 88, 101, 3, 12, 1, 9
2023/6/17, 104, 68, 6, 7, 1, 7
2023/6/18, 76, 55, 2, 6, , 7
2023/6/19, 60, 67, 7, 7, , 7
2023/6/20, 97, 95, 6, 11, , 9
2023/6/21, 104, 85, 3, 10, 1, 10
2023/6/22, 96, 104, 5, 6, 1, 8
2023/6/23, 118, 106, 8, 9, 1, 8
2023/6/24, 126, 45, 4, 6, , 8
2023/6/25, 73, 74, 6, 5, , 8
2023/6/26, 113, 67, 5, 8, 1, 8
2023/6/27, 96, 77, 9, 7, , 9
2023/6/28, 93, 77, 6, 5, , 7
2023/6/29, 110, 41, 12, 5, , 7
2023/6/30, 67, 49, 9, 2, , 6
2023/1/2, 293, 287, 1, 14, 1, 12
2023/1/3, 300, 202, 1, 12, 1, 12
2023/1/4, 245, 256, , 12, 1, 16
2023/1/5, 280, 366, 1, 16, 1, 13
2023/1/6, 310, 504, , 17, 2, 29
2023/1/7, 395, 321, , 15, , 18
2023/1/8, 325, 468, 1, 20, 1, 24
2023/1/9, 421, 325, , 15, 1, 20
2023/1/10, 320, 181, 3, 13, 1, 10
2023/1/11, 231, 168, 5, 11, , 12
2023/1/12, 232, 184, 5, 11, , 14
2023/1/13, 256, 162, 2, 13, , 11
2023/1/14, 215, 151, 4, 16, , 11
2023/1/15, 187, 188, 3, 16, 1, 15
2023/1/16, 224, 171, 2, 16, 1, 16
2023/1/17, 222, 212, 2, 18, 1, 18
2023/1/18, 240, 289, 1, 22, 2, 20
2023/1/19, 281, 113, 2, 12, 1, 8
2023/1/20, 160, 233, 1, 18, 1, 17
2023/1/21, 251, 283, 5, 15, 1, 17
2023/1/22, 299, 138, 5, 12, 1, 11
2023/1/23, 196, 103, 1, 10, 1, 9
2023/1/24, 150, 117, , 13, , 13
2023/1/25, 164, 140, , 11, , 9
2023/1/26, 205, 130, , 11, 1, 5
2023/1/27, 178, 193, , 14, 1, 6
2023/1/28, 209, 258, , 13, 1, 15
2023/1/29, 277, 92, , 8, 1, 8
2023/1/30, 152, 122, , 11, 1, 11
2023/1/31, 166, 124, 1, 12, , 10
2023/2/1, 173, 142, 2, 19, 1, 11
2023/2/2, 175, 154, 1, 17, 1, 12
2023/2/3, 180, 188, 1, 19, 1, 15
2023/2/4, 193, 136, , 17, , 9
2023/2/5, 173, 107, , 16, 1, 11
2023/2/6, 162, 150, , 16, 1, 13
2023/2/7, 177, 134, , 18, , 14
2023/2/8, 159, 124, , 18, , 10
2023/2/9, 162, 99, , 15, , 8
2023/2/10, 154, 161, , 20, , 12
2023/2/11, 189, 119, , 19, , 6
2023/2/12, 128, 118, 3, 16, 1, 7
2023/2/13, 132, 138, 5, 19, 2, 11
2023/2/14, 151, 168, 5, 20, 2, 11
2023/2/15, 174, 213, 8, 19, 2, 13
2023/2/16, 209, 268, 12, 24, 1, 14
2023/2/17, 255, 274, 9, 23, 1, 16
2023/2/18, 253, 149, 8, 18, 1, 11
2023/2/19, 201, 136, 6, 18, 1, 10
2023/2/20, 176, 186, 5, 22, 1, 12
2023/2/21, 177, 194, 5, 17, 1, 12
2023/2/22, 172, 161, 5, 19, 1, 11
2023/2/24, 154, 157, 13, 17, 1, 11
2023/2/25, 177, 166, 11, 20, 2, 13
2023/2/26, 195, 172, 10, 21, 2, 13
2023/2/27, 180, 156, 10, 14, 1, 10
2023/2/28, 159, 152, 13, 12, 1, 9
2023/3/1, 151, 174, 7, 17, 1, 13
2023/3/2, 170, 127, 5, 15, 1, 8
2023/3/3, 147, 126, 4, 14, 2, 10
2023/3/4, 141, 109, 8, 14, 2, 8
2023/3/5, 137, 113, 8, 15, 2, 10
2023/3/6, 146, 112, 11, 14, 1, 10
2023/3/7, 144, 113, 17, 9, 2, 8
2023/3/8, 171, 94, 14, 12, 1, 7
2023/3/9, 134, 128, 9, 15, 1, 11
2023/3/10, 166, 120, 11, 17, 2, 10
2023/3/11, 158, 122, 16, 16, 1, 10
2023/3/12, 154, 140, 12, 18, 2, 10
2023/3/13, 167, 133, 8, 15, 2, 9
2023/3/14, 167, 122, 16, 17, 2, 10
2023/3/15, 155, 153, 18, 17, 3, 9
2023/3/16, 173, 181, 11, 19, 3, 11
2023/3/17, 184, 84, 8, 10, 1, 7
2023/3/18, 152, 117, 14, 10, 1, 8
2023/3/19, 159, 91, 9, 8, , 7
2023/3/20, 117, 69, 12, 9, 1, 6
2023/3/21, 126, 157, 18, 15, 1, 12
2023/3/22, 172, 129, 9, 13, 1, 8
2023/3/23, 141, 116, 8, 12, 1, 9
2023/3/24, 145, 68, 11, 8, 1, 8
2023/3/25, 90, 140, 10, 11, 1, 7
2023/3/26, 140, 112, 9, 14, 2, 8
2023/3/27, 135, 117, 9, 14, 2, 7
2023/3/28, 138, 112, 11, 16, 2, 9
2023/3/29, 143, 102, 18, 10, 2, 7
2023/3/30, 133, 54, 12, 9, 1, 6
2023/3/31, 84, 68, 15, 9, 1, 6
2022/10/1, 156, 118, 22, 24, 2, 
2022/10/2, 163, 122, 14, 27, 3, 
2022/10/3, 102, 131, 21, 31, 5, 
2022/10/4, 144, 133, 26, 26, 3, 
2022/10/5, 167, 31, 11, 5, 2, 
2022/10/6, 36, 21, 16, 5, 2, 
2022/10/7, 39, , , , , 
2022/10/9, 17, 17, 8, 8, 3, 
2022/10/10, 39, 75, 26, 17, 2, 
2022/10/11, 92, 182, 13, 29, 3, 
2022/10/12, 156, 131, 10, 24, 1, 
2022/10/13, 125, 169, 7, 47, 6, 
2022/10/14, 149, 155, 9, 32, 4, 
2022/10/15, 162, 140, 13, 27, 9, 
2022/10/16, 165, 147, 13, 33, 10, 
2022/10/17, 168, 137, , 19, 10, 
2022/10/18, 181, 123, 8, 38, 7, 
2022/10/19, 130, 125, 11, 41, 7, 16
2022/10/20, 154, 153, 8, 43, 10, 12
2022/10/21, 172, 176, 8, 35, 10, 14
2022/10/22, 179, 142, 19, 30, 7, 10
2022/10/23, 182, 177, 13, 30, 10, 12
2022/10/24, 215, 257, 13, 28, 9, 9
2022/10/25, 285, 149, 12, 33, 9, 11
2022/10/26, 187, 190, 6, 40, 10, 17
2022/10/27, 213, 198, 18, 41, 8, 17
2022/10/28, 231, 224, 12, 33, 9, 18
2022/10/29, 256, 202, 7, 37, 9, 16
2022/10/30, 222, 287, 3, 45, 9, 18
2022/10/31, 290, 263, 12, 51, 10, 21
2022/11/1, 284, 311, 6, 43, 9, 18
2022/11/2, 294, 449, 6, 42, 9, 20
2022/11/3, 407, 333, 28, 43, 8, 17
2022/11/4, 360, 166, 20, 25, 7, 8
2022/11/5, 235, 148, 13, 30, 7, 10
2022/11/6, 202, 160, 22, 27, 9, 14
2022/11/7, 207, 242, 6, 34, 9, 14
2022/11/8, 289, 100, 17, 28, 6, 7
2022/11/9, 162, 146, 7, 37, 10, 13
2022/11/10, 192, 267, 7, 33, 5, 18
2022/11/11, 289, 214, 14, 37, 4, 20
2022/11/12, 265, 161, 15, 35, 5, 19
2022/11/13, 222, 125, 29, 32, 5, 17
2022/11/14, 185, 122, 12, 39, 6, 20
2022/11/15, 168, 145, 11, 39, 6, 18
2022/11/16, 188, 151, 13, 34, 4, 18
2022/11/17, 210, 158, 13, 35, 5, 19
2022/11/18, 214, 155, 15, 38, 6, 23
2022/11/19, 192, 161, 14, 37, 7, 22
2022/11/20, 212, 163, 11, 34, 5, 21
2022/11/21, 206, 145, 10, 31, 4, 19
2022/11/22, 185, 136, 10, 32, 5, 19
2022/11/23, 174, 134, 10, 35, 5, 18
2022/11/24, 173, 173, 11, 43, 6, 23
2022/11/25, 188, 206, 12, 39, 7, 26
2022/11/26, 233, 250, 14, 39, 6, 23
2022/11/27, 226, 199, 11, 47, 6, 27
2022/11/28, 230, 255, 18, 44, 7, 30
2022/11/29, 263, 206, 8, 41, 5, 23
2022/11/30, 227, 225, 8, 41, 4, 26
2022/12/1, 243, 182, 8, 42, 4, 23
2022/12/2, 208, 176, 19, 39, 4, 22
2022/12/3, 225, 224, 13, 34, 4, 24
2022/12/4, 268, 181, 5, 44, 5, 28
2022/12/5, 201, 241, 5, 25, 2, 23
2022/12/6, 256, 177, 5, 17, 2, 16
2022/12/7, 211, 180, 4, 18, 2, 19
2022/12/8, 205, 169, 5, 16, 2, 22
2022/12/9, 209, 249, 2, 20, 2, 25
2022/12/10, 259, 165, 2, 14, 1, 20
2022/12/11, 206, 142, 1, 15, 1, 18
2022/12/12, 174, 126, 2, 16, 1, 13
2022/12/13, 157, 147, 3, 16, 1, 15
2022/12/14, 169, 141, 2, 18, 2, 16
2022/12/15, 174, 138, 2, 17, 1, 16
2022/12/16, 176, 165, 2, 17, 1, 20
2022/12/17, 202, 252, 3, 18, 2, 22
2022/12/18, 280, 289, 4, 16, 1, 23
2022/12/19, 308, 262, 2, 19, 1, 22
2022/12/20, 271, 256, 2, 16, 1, 19
2022/12/21, 251, 268, , 15, 1, 23
2022/12/22, 259, 241, 4, 15, 1, 23
2022/12/23, 262, 224, 1, 16, 1, 23
2022/12/24, 259, 194, 1, 12, , 21
2022/12/25, 242, 226, , 13, 1, 24
2022/12/26, 262, 226, 1, 17, 1, 26
2022/12/27, 271, 232, 2, 17, 1, 25
2022/12/28, 258, 231, 4, 18, , 23
2022/12/29, 258, 254, 6, 15, 1, 19
2022/12/30, 307, 209, 1, 14, 1, 14
2022/12/31, 243, 138, 2, 14, 1, 12
2023/1/1, 203, 224, 5, 13, 1, 12
2022/7/1, 81, 73, 13, 16, 1, 7
2022/7/2, 87, 47, 16, 16, 1, 9
2022/7/3, 70, 79, 22, 25, 1, 10
2022/7/4, 127, 77, 18, 16, 2, 7
2022/7/5, 126, 61, 14, 8, 2, 6
2022/7/6, 108, 57, 24, 10, 2, 7
2022/7/7, 74, 73, 25, 16, 2, 8
2022/7/8, 76, 65, 14, 11, 2, 6
2022/7/9, 93, 61, 18, 15, 2, 8
2022/7/10, 82, 73, 23, 19, 2, 11
2022/7/11, 97, 75, 15, 20, 1, 9
2022/7/12, 102, 68, 16, 15, 1, 8
2022/7/13, 97, 61, 20, 11, 1, 7
2022/7/14, 66, 50, 23, 5, 1, 6
2022/7/15, 51, 24, 8, 23, 3, 10
2022/7/16, 39, 43, 21, 8, 2, 6
2022/7/17, 62, 69, 21, 11, 3, 8
2022/7/18, 92, 80, 7, 24, 2, 12
2022/7/19, 94, 88, 4, 15, 3, 9
2022/7/20, 92, 82, 30, 19, 4, 9
2022/7/21, 98, 74, 14, 17, 4, 10
2022/7/22, 115, 40, 14, 7, 4, 7
2022/7/23, 71, 36, 17, 4, 4, 6
2022/7/24, 65, 39, 16, 6, 4, 7
2022/7/25, 61, 35, 15, 6, 5, 6
2022/7/26, 66, 53, 17, 8, 5, 7
2022/7/27, 78, 70, 17, 16, 5, 12
2022/7/28, 68, 86, 10, 17, 5, 12
2022/7/29, 70, 83, 9, 18, 4, 11
2022/7/30, 74, 77, 6, 16, 4, 10
2022/7/31, 71, 78, 6, 17, 4, 9
2022/8/1, 62, 86, 9, 22, 4, 12
2022/8/2, 91, 89, 18, 21, 5, 10
2022/8/3, 123, 81, 11, 17, 5, 10
2022/8/4, 127, 72, 10, 14, 4, 10
2022/8/5, 99, 74, 21, 16, 3, 10
2022/8/6, 125, 65, 12, 13, 5, 10
2022/8/7, 104, 64, 25, 13, 5, 10
2022/8/8, 103, 63, 18, 10, 5, 9
2022/8/9, 102, 47, 60, 8, 3, 6
2022/8/10, 49, 36, 11, 6, 3, 4
2022/8/11, 36, 43, 16, 9, 2, 5
2022/8/12, 62, 41, 16, 8, 2, 6
2022/8/13, 70, 48, 11, 16, 2, 7
2022/8/14, 66, 35, 12, 7, 1, 6
2022/8/15, 45, 34, 12, 5, 2, 3
2022/8/16, 36, 25, 12, 7, 2, 5
2022/8/17, 26, 65, 10, 21, 2, 9
2022/8/18, 59, 58, 10, 16, 1, 7
2022/8/19, 49, 79, 12, 19, 1, 9
2022/8/20, 80, 95, 12, 16, 2, 7
2022/8/21, 108, 62, 15, 8, 2, 5
2022/8/22, 81, 39, 17, 4, 3, 4
2022/8/23, 53, 36, 8, 9, 2, 6
2022/8/24, 39, 84, 30, 18, 2, 8
2022/8/25, 86, 99, 8, 19, 2, 8
2022/8/26, 94, 88, 8, 14, 2, 7
2022/8/27, 91, 97, 10, 14, 2, 7
2022/8/28, 87, 95, 19, 13, 2, 6
2022/8/29, 97, 111, 17, 22, 2, 9
2022/8/30, 116, 115, 16, 24, 2, 10
2022/8/31, 111, 103, 12, 23, 2, 10
2022/9/1, 108, 93, 15, 24, 2, 9
2022/9/2, 102, 96, 9, 17, 3, 8
2022/9/3, 85, 76, 11, 13, 2, 6
2022/9/4, 63, 81, 13, 19, 2, 7
2022/9/5, 68, 93, 12, 19, 2, 6
2022/9/6, 89, 98, 23, 22, 5, 7
2022/9/7, 105, 99, 44, 16, 4, 7
2022/9/8, 136, 92, 37, 11, 3, 6
2022/9/9, 134, 97, 30, 7, 3, 6
2022/9/10, 125, 76, 31, 8, 3, 6
2022/9/11, 81, 66, 24, 6, 2, 4
2022/9/12, 64, 44, 15, 8, 3, 
2022/9/13, 58, 43, 11, 8, 3, 
2022/9/14, 53, 27, 14, 4, 2, 
2022/9/15, 45, 25, 8, 11, 2, 
2022/9/16, 35, 105, 14, 16, 2, 
2022/9/17, 88, 64, 6, 9, 2, 
2022/9/18, 71, 125, 15, 19, 3, 
2022/9/19, 144, 72, 25, 13, 3, 
2022/9/20, 111, 78, 18, 18, 3, 
2022/9/21, 101, 45, 10, 10, 2, 
2022/9/22, 69, 20, 12, 9, 1, 
2022/9/23, 49, 23, 6, 8, 2, 
2022/9/24, 57, 77, 8, 16, 2, 
2022/9/25, 66, 108, 18, 21, 3, 
2022/9/26, 124, 114, 10, 22, 2, 
2022/9/27, 112, 127, 9, 27, 3, 
2022/9/28, 131, 115, 12, 23, 2, 
2022/9/29, 146, 125, 14, 24, 2, 
2022/9/30, 160, 128, 14, 29, 3, 
2022/4/1, 136, 152, 33, 36, 7, 9
2022/4/2, 154, 156, 28, 33, 8, 7
2022/4/3, 153, 180, 20, 36, 8, 10
2022/4/4, 160, 162, 18, 35, 7, 9
2022/4/5, 152, 175, 19, 39, 8, 12
2022/4/6, 154, 198, 20, 39, 9, 11
2022/4/7, 175, 165, 19, 38, 7, 9
2022/4/8, 152, 169, 21, 39, 7, 12
2022/4/9, 150, 193, 21, 35, 10, 11
2022/4/10, 160, 171, 19, 35, 8, 8
2022/4/11, 161, 154, 14, 33, 6, 8
2022/4/12, 144, 174, 10, 34, 6, 8
2022/4/13, 142, 227, 21, 31, 11, 6
2022/4/14, 149, 163, 8, 35, 11, 10
2022/4/15, 148, 149, 29, 36, 9, 7
2022/4/16, 154, 167, 43, 40, 10, 10
2022/4/17, 171, 140, 67, 43, 12, 11
2022/4/18, 158, 254, 18, 41, 9, 12
2022/4/19, 162, 176, 16, 34, 10, 6
2022/4/20, 145, 182, 14, 24, 8, 7
2022/4/21, 155, 127, 31, 33, 11, 11
2022/4/22, 114, 186, 27, 36, 10, 10
2022/4/23, 155, 205, 30, 37, 12, 9
2022/4/24, 176, 234, 25, 34, 13, 8
2022/4/25, 164, 136, 39, 35, 9, 11
2022/4/26, 130, 183, 29, 44, 12, 14
2022/4/27, 178, 191, 27, 47, 12, 12
2022/4/28, 189, 233, 21, 37, 13, 13
2022/4/29, 195, 171, 18, 35, 11, 10
2022/4/30, 163, 172, 39, 14, 10, 5
2022/5/1, 153, 146, 43, 12, 9, 5
2022/5/2, 149, 241, 44, 13, 11, 7
2022/5/3, 164, 147, 28, 17, 8, 6
2022/5/4, 140, 110, 56, 27, 9, 8
2022/5/5, 141, 192, 42, 32, 11, 11
2022/5/6, 177, 117, 56, 25, 10, 9
2022/5/7, 138, 123, 70, 19, 10, 6
2022/5/8, 158, 96, 48, 10, 7, 6
2022/5/9, 145, 104, 34, 14, 7, 7
2022/5/10, 146, 101, 49, 17, 8, 7
2022/5/11, 137, 104, 49, 23, 7, 9
2022/5/12, 143, 123, 53, 26, 9, 10
2022/5/13, 142, 162, 28, 45, 9, 13
2022/5/14, 157, 147, 13, 39, 6, 13
2022/5/15, 125, 347, 16, 35, 7, 6
2022/5/16, 159, 197, 53, 23, 9, 8
2022/5/17, 153, 143, 52, 23, 10, 9
2022/5/18, 148, 149, 28, 34, 8, 9
2022/5/19, 151, 255, 29, 35, 6, 9
2022/5/20, 152, 311, 18, 23, 5, 6
2022/5/21, 151, 120, 60, 15, 8, 4
2022/5/22, 135, 65, 21, 4, 4, 2
2022/5/23, 72, 96, 6, 33, 4, 13
2022/5/24, 136, 115, 31, 31, 5, 9
2022/5/25, 153, 112, 70, 28, 5, 8
2022/5/26, 159, 135, 18, 31, 4, 10
2022/5/27, 167, 320, 11, 34, 6, 13
2022/5/28, 157, 183, 29, 21, 7, 7
2022/5/29, 156, 121, 36, 19, 6, 8
2022/5/30, 136, 228, 43, 29, 7, 10
2022/5/31, 157, 207, 39, 31, 7, 6
2022/6/1, 149, 164, 25, 36, 6, 12
2022/6/2, 141, 161, 25, 37, 8, 10
2022/6/3, 142, 152, 26, 44, 8, 11
2022/6/4, 133, 145, 18, 28, 7, 7
2022/6/5, 122, 125, 45, 32, 6, 7
2022/6/6, 104, 336, 17, 34, 7, 11
2022/6/7, 160, 222, 5, 29, 7, 10
2022/6/8, 150, 181, 12, 33, 7, 8
2022/6/9, 132, 272, 10, 29, 8, 11
2022/6/10, 153, 219, 14, 25, 7, 8
2022/6/11, 147, 181, 17, 31, 8, 8
2022/6/12, 145, 163, 13, 28, 6, 8
2022/6/13, 113, 166, 12, 21, 7, 7
2022/6/14, 122, 97, 12, 22, 5, 8
2022/6/15, 82, 119, 29, 23, 4, 8
2022/6/16, 82, 94, 14, 18, 3, 8
2022/6/17, 74, 53, 24, 13, 3, 5
2022/6/18, 76, 85, 11, 26, 3, 8
2022/6/19, 95, 96, 13, 28, 4, 8
2022/6/20, 118, 79, 27, 24, 4, 6
2022/6/21, 92, 100, 34, 21, 5, 7
2022/6/22, 109, 123, 21, 34, 6, 9
2022/6/23, 131, 135, 26, 36, 7, 8
2022/6/24, 139, 113, 76, 30, 7, 7
2022/6/25, 137, 90, 37, 15, 3, 6
2022/6/26, 129, 79, 36, 10, 2, 7
2022/6/27, 123, 95, 28, 15, 2, 8
2022/6/28, 144, 108, 39, 16, 2, 8
2022/6/29, 127, 54, 8, 17, 1, 8
2022/6/30, 84, 52, 11, 17, 1, 8
2022/1/3, 301, 221, 7, 37, 3, 8
2022/1/4, 254, 218, 9, 27, 1, 10
2022/1/5, 286, 104, 13, 20, 1, 9
2022/1/6, 180, 85, 12, 18, 1, 8
2022/1/7, 146, 45, 9, 14, 1, 7
2022/1/8, 109, 60, 6, 19, 1, 8
2022/1/9, 135, 140, 4, 22, 1, 16
2022/1/10, 187, 142, 6, 24, 2, 12
2022/1/11, 184, 147, 9, 26, 3, 13
2022/1/12, 189, 210, 13, 28, 2, 15
2022/1/13, 255, 208, 6, 25, 3, 14
2022/1/14, 244, 153, 4, 22, 2, 9
2022/1/15, 207, 149, 10, 23, 2, 11
2022/1/16, 222, 176, 21, 22, 2, 9
2022/1/17, 234, 206, 3, 27, 3, 16
2022/1/18, 246, 219, 8, 27, 2, 14
2022/1/19, 247, 260, 13, 23, 2, 14
2022/1/20, 284, 164, 17, 25, 2, 12
2022/1/21, 220, 109, 10, 15, 1, 8
2022/1/22, 192, 135, 9, 18, 2, 13
2022/1/23, 196, 142, 4, 22, 2, 14
2022/1/24, 191, 175, 1, 22, 2, 15
2022/1/25, 194, 160, 7, 22, 2, 13
2022/1/26, 210, 151, , 18, 2, 9
2022/1/27, 220, 221, 6, 32, 2, 21
2022/1/28, 218, 171, 8, 31, 2, 15
2022/1/29, 198, 209, 15, 33, 3, 13
2022/1/30, 232, 195, 18, 27, 2, 12
2022/1/31, 265, 289, 5, 43, 2, 14
2022/2/1, 297, 168, 22, 27, 2, 10
2022/2/2, 233, 122, 15, 17, 3, 10
2022/2/3, 204, 97, 7, 23, 2, 12
2022/2/4, 140, 135, 7, 28, 2, 14
2022/2/5, 188, 135, 18, 32, 2, 12
2022/2/6, 188, 122, 13, 37, 2, 11
2022/2/7, 169, 133, 25, 27, 2, 13
2022/2/8, 179, 104, 20, 21, 2, 12
2022/2/9, 160, 173, 11, 30, 2, 12
2022/2/10, 170, 162, 16, 32, 3, 12
2022/2/11, 171, 133, 14, 32, 3, 10
2022/2/12, 165, 126, 19, 31, 3, 12
2022/2/13, 170, 107, 13, 30, 2, 11
2022/2/14, 145, 113, 14, 35, 2, 12
2022/2/15, 148, 180, 14, 42, 3, 15
2022/2/16, 193, 139, 13, 34, 3, 12
2022/2/17, 168, 153, 11, 35, 3, 14
2022/2/18, 166, 133, 14, 34, 3, 11
2022/2/19, 163, 124, 19, 35, 4, 10
2022/2/20, 165, 124, 14, 34, 4, 11
2022/2/21, 149, 136, 34, 20, 3, 8
2022/2/22, 153, 114, 28, 16, 2, 8
2022/2/23, 175, 160, 28, 29, 2, 8
2022/2/24, 197, 120, 19, 25, 2, 5
2022/2/25, 135, 48, 23, 14, 1, 3
2022/2/26, 76, 91, 17, 25, 2, 8
2022/2/27, 108, 104, 13, 28, 2, 9
2022/2/28, 122, 119, 18, 27, 2, 7
2022/3/1, 167, 138, 17, 27, 2, 10
2022/3/2, 164, 114, 16, 29, 2, 7
2022/3/3, 150, 118, 11, 26, 3, 6
2022/3/4, 154, 97, 13, 29, 3, 8
2022/3/5, 139, 116, 25, 31, 4, 7
2022/3/6, 162, 119, 44, 29, 2, 9
2022/3/7, 165, 152, 14, 31, 4, 15
2022/3/8, 170, 126, 12, 30, 4, 8
2022/3/9, 143, 115, 12, 31, 4, 8
2022/3/10, 143, 127, 13, 31, 5, 8
2022/3/11, 155, 133, 16, 28, 5, 8
2022/3/12, 160, 130, 18, 29, 4, 7
2022/3/13, 163, 148, 16, 32, 5, 10
2022/3/14, 175, 151, 16, 31, 5, 12
2022/3/15, 175, 148, 14, 25, 5, 10
2022/3/16, 164, 154, 47, 28, 6, 8
2022/3/17, 182, 123, 27, 14, 2, 6
2022/3/18, 183, 110, 26, 20, 3, 9
2022/3/19, 168, 123, 17, 25, 5, 8
2022/3/20, 156, 143, 22, 25, 5, 10
2022/3/21, 171, 129, 14, 26, 6, 7
2022/3/22, 161, 139, 17, 27, 7, 6
2022/3/23, 167, 138, 11, 23, 4, 8
2022/3/24, 119, 151, 13, 28, 7, 9
2022/3/25, 159, 162, 17, 30, 8, 6
2022/3/26, 163, 156, 22, 30, 9, 7
2022/3/27, 172, 140, 15, 35, 5, 10
2022/3/28, 149, 160, 15, 33, 7, 9
2022/3/29, 152, 178, 34, 33, 8, 12
2022/3/30, 163, 186, 55, 31, 11, 12
2022/3/31, 182, 137, 21, 31, 9, 8
2021/10/1, 111, 89, 4, 8, 3, 11
2021/10/2, 133, 85, 4, 5, 2, 10
2021/10/3, 110, 82, 5, 6, 3, 12
2021/10/4, 80, 77, 19, 6, 3, 11
2021/10/5, 111, 99, 7, 4, 4, 10
2021/10/6, 135, 104, 8, 6, 4, 10
2021/10/7, 153, 110, 7, 15, 4, 16
2021/10/8, 153, 99, 6, 6, 4, 13
2021/10/9, 144, 97, 5, 5, 4, 11
2021/10/10, 134, 95, 6, 6, 3, 13
2021/10/11, 132, 101, 6, 6, 4, 17
2021/10/12, 145, 101, 12, 13, 5, 12
2021/10/13, 161, 95, 17, 9, 6, 14
2021/10/14, 159, 87, 24, 11, 5, 13
2021/10/15, 167, 101, 49, 14, 4, 18
2021/10/16, 209, 48, 7, 5, 4, 8
2021/10/17, 94, 18, 10, 6, 4, 9
2021/10/18, 53, 10, 10, 12, 4, 13
2021/10/19, 130, 119, 12, 14, 3, 15
2021/10/20, 176, 106, 12, 12, 3, 14
2021/10/21, 159, 107, 9, 10, 1, 12
2021/10/22, 121, 92, 16, 10, 2, 10
2021/10/23, 127, 83, 23, 9, 1, 7
2021/10/24, 140, 87, 14, 9, 2, 15
2021/10/25, 121, 118, 12, 11, 2, 15
2021/10/26, 155, 120, 13, 11, 3, 19
2021/10/27, 181, , 18, 16, 2, 15
2021/10/28, 194, 121, 7, 35, 5, 20
2021/10/29, 189, 118, 9, 34, 4, 16
2021/10/30, 183, , 17, 36, 5, 14
2021/10/31, 205, 107, 35, 34, 4, 14
2021/11/1, 177, , 28, 36, 3, 12
2021/11/2, 184, 132, 41, 30, 2, 13
2021/11/3, 192, 359, 15, 36, 2, 19
2021/11/4, 336, 600, 10, 30, 3, 19
2021/11/5, 591, 396, 12, 43, 5, 21
2021/11/6, 360, 300, 16, 34, 4, 18
2021/11/7, 298, 259, 14, 42, 3, 21
2021/11/8, 265, 298, 11, 39, 4, 22
2021/11/9, 285, 292, 22, 45, 5, 22
2021/11/10, 265, 398, 3, 40, 3, 27
2021/11/11, 332, 488, 8, 41, 3, 29
2021/11/12, 398, 314, 10, 41, 4, 24
2021/11/13, 284, 203, 22, 41, 4, 19
2021/11/14, 212, 242, 14, 41, 4, 21
2021/11/15, 234, 271, 15, 41, 5, 23
2021/11/16, 275, 194, 60, 30, 3, 18
2021/11/17, 233, 200, 38, 43, 3, 22
2021/11/18, 225, 246, 16, 46, 7, 22
2021/11/19, 264, 253, 23, 42, 7, 23
2021/11/20, 256, 210, 23, 39, 4, 20
2021/11/21, 239, 240, 24, 43, 7, 19
2021/11/22, 204, 191, 19, 38, 3, 18
2021/11/23, 201, 199, 135, 44, 3, 21
2021/11/24, 230, 247, 63, 34, 3, 20
2021/11/25, 279, 261, 74, 44, 4, 30
2021/11/26, 272, 222, 100, 34, 3, 27
2021/11/27, 264, 239, 75, 23, 2, 18
2021/11/28, 286, 216, 15, 37, 5, 24
2021/11/29, 244, 226, 15, 37, 3, 19
2021/11/30, 227, 338, 4, 74, 3, 27
2021/12/1, 283, 378, 3, 43, 4, 21
2021/12/2, 347, 308, 9, 38, 2, 20
2021/12/3, 277, 182, 15, 33, 2, 19
2021/12/4, 210, 159, 65, 34, 4, 25
2021/12/5, 203, 237, 12, 36, 4, 23
2021/12/6, 222, 169, 11, 30, 3, 16
2021/12/7, 182, 168, 10, 30, 3, 13
2021/12/8, 188, 195, 8, 35, 3, 15
2021/12/9, 215, 186, 8, 35, 2, 12
2021/12/10, 213, 144, 9, 35, 2, 8
2021/12/11, 184, 136, 14, 34, 2, 10
2021/12/12, 183, 135, 19, 30, 2, 13
2021/12/13, 199, 177, 28, 29, 2, 15
2021/12/14, 237, 204, 16, 34, 2, 12
2021/12/15, 233, 242, 17, 37, 3, 8
2021/12/16, 275, 196, 15, 36, 4, 7
2021/12/17, 236, 183, 9, 37, 3, 10
2021/12/18, 223, 195, 14, 38, 3, 10
2021/12/19, 205, 195, 11, 39, 3, 10
2021/12/20, 233, 271, 9, 48, 3, 18
2021/12/21, 292, 309, 9, 51, 4, 19
2021/12/22, 322, 334, 18, 47, 4, 18
2021/12/23, 352, 252, 25, 34, 1, 8
2021/12/24, 302, 358, 26, 43, 2, 11
2021/12/25, 383, 351, 19, 34, 1, 9
2021/12/26, 397, 107, 20, 25, 2, 7
2021/12/27, 180, 165, 3, 33, 2, 8
2021/12/28, 214, 182, 7, 28, 2, 8
2021/12/29, 203, 186, 15, 23, 3, 8
2021/12/30, 249, 231, 7, 34, 2, 9
2021/12/31, 256, 235, 7, 34, 2, 9
2022/1/1, 276, 291, 9, 38, 2, 9
2022/1/2, 316, 282, 9, 39, 2, 9
2021/7/1, 128, 177, 16, 15, 7, 8
2021/7/2, 125, 108, 17, 19, 4, 9
2021/7/3, 105, 110, 37, 18, 5, 8
2021/7/4, 128, 113, 26, 21, 5, 8
2021/7/5, 122, 119, 17, 28, 6, 9
2021/7/6, 127, 120, 13, 27, 5, 9
2021/7/7, 123, 124, 23, 20, 5, 6
2021/7/8, 112, 79, 39, 15, 7, 7
2021/7/9, 137, 52, 34, 9, 5, 6
2021/7/10, 83, 59, 23, 6, 4, 6
2021/7/11, 110, 52, 20, 5, 4, 5
2021/7/12, 92, 46, 8, 16, 4, 8
2021/7/13, 76, 51, 18, 13, 5, 7
2021/7/14, 99, 54, 11, 11, 6, 11
2021/7/15, 89, 60, 26, 11, 4, 7
2021/7/16, 108, 72, 22, 21, 4, 9
2021/7/17, 128, 66, 18, 21, 3, 10
2021/7/18, 94, 28, 11, 19, 4, 9
2021/7/19, 51, 48, 16, 18, 4, 9
2021/7/20, 94, 71, 17, 20, 4, 10
2021/7/21, 105, 41, 15, 10, 4, 6
2021/7/22, 79, 50, 15, 15, 4, 9
2021/7/23, 87, 75, 20, 23, 4, 12
2021/7/24, 116, 55, 14, 15, 4, 9
2021/7/25, 96, 80, 17, 24, 4, 9
2021/7/26, 151, 68, 7, 28, 6, 15
2021/7/27, 116, 45, 7, 25, 4, 13
2021/7/28, 68, 73, 11, 28, 4, 11
2021/7/29, 92, 69, 10, 27, 5, 10
2021/7/30, 113, 41, 12, 22, 3, 8
2021/7/31, 67, 68, 14, 30, 4, 12
2021/8/1, 93, 64, 19, 27, 4, 12
2021/8/2, 117, 39, 12, 19, 3, 6
2021/8/3, 61, 42, 15, 21, 4, 6
2021/8/4, 63, 62, 16, 21, 4, 6
2021/8/5, 100, 74, 15, 24, 4, 7
2021/8/6, 118, 67, 14, 24, 4, 8
2021/8/7, 110, 56, 25, 25, 4, 11
2021/8/8, 105, 85, 11, 25, 2, 10
2021/8/9, 143, 78, 6, 26, 4, 10
2021/8/10, 119, 91, 5, 25, 3, 8
2021/8/11, 89, 93, 8, 27, 3, 7
2021/8/12, 83, 98, 7, 26, 3, 10
2021/8/13, 88, 92, 8, 27, 3, 7
2021/8/14, 83, 90, 9, 25, 2, 7
2021/8/15, 84, 98, 13, 25, 3, 8
2021/8/16, 91, 102, 12, 25, 2, 9
2021/8/17, 117, 96, 13, 29, 3, 10
2021/8/18, 133, 97, 20, 26, 2, 9
2021/8/19, 148, 49, 13, 13, 4, 7
2021/8/20, 97, 30, 18, 5, 3, 7
2021/8/21, 67, 46, 12, 5, 3, 8
2021/8/22, 92, 74, 17, 7, 3, 12
2021/8/23, 100, 82, 12, 7, 3, 11
2021/8/24, 120, 91, 20, 8, 2, 7
2021/8/25, 101, 81, 6, 7, 4, 8
2021/8/26, 83, 96, 11, 7, 3, 7
2021/8/27, 105, 91, 16, 8, 2, 8
2021/8/28, 115, 75, 15, 7, 2, 8
2021/8/29, 128, 40, 17, 4, 2, 5
2021/8/30, 79, 30, 5, 4, 4, 7
2021/8/31, 58, 34, 5, 5, 3, 8
2021/9/1, 65, 49, 22, 6, 3, 8
2021/9/2, 79, 55, 13, 7, 4, 10
2021/9/3, 75, 60, 10, 6, 3, 9
2021/9/4, 69, 65, 11, 7, 3, 9
2021/9/5, 105, 73, 19, 6, 4, 10
2021/9/6, 116, 57, 13, 4, 2, 8
2021/9/7, 105, 37, 10, 4, 2, 5
2021/9/8, 60, 47, 13, 4, 3, 7
2021/9/9, 74, 47, 10, 4, 3, 7
2021/9/10, 81, 25, 22, 4, 3, 8
2021/9/11, 59, 44, 10, 5, 4, 13
2021/9/12, 84, 58, 11, 5, 3, 7
2021/9/13, 93, 58, 9, 5, 3, 8
2021/9/14, 74, 46, 14, 5, 3, 7
2021/9/15, 50, 58, 3, 4, 3, 10
2021/9/16, 67, 50, 9, 4, 2, 7
2021/9/17, 66, 52, 16, 4, 2, 7
2021/9/18, 82, 51, 12, 4, 2, 7
2021/9/19, 74, 55, 11, 5, 2, 8
2021/9/20, 73, 61, 7, 5, 2, 9
2021/9/21, 82, 49, 9, 5, 2, 6
2021/9/22, 74, 46, 7, 4, 3, 7
2021/9/23, 67, 49, 8, 4, 3, 7
2021/9/24, 71, 51, 12, 4, 3, 6
2021/9/25, 89, 49, 15, 3, 3, 6
2021/9/26, 96, 75, 17, 5, 4, 8
2021/9/27, 127, 62, 11, 4, 3, 6
2021/9/28, 100, 51, 13, 4, 3, 8
2021/9/29, 72, 59, 10, 5, 4, 9
2021/9/30, 93, 72, 10, 5, 2, 11
2021/4/1, 114, 134, 22, 30, 22, 9
2021/4/2, 142, 111, 37, 30, 16, 10
2021/4/3, 126, 134, 30, 33, 19, 9
2021/4/4, 146, 114, 49, 24, 23, 7
2021/4/5, 146, 188, 94, , , 8
2021/4/6, 184, 128, 26, , , 11
2021/4/7, 160, 91, 24, , 9, 8
2021/4/8, 74, 91, 28, 29, 10, 11
2021/4/9, 74, 129, 17, 35, 9, 12
2021/4/10, 128, 129, 25, 32, 17, 8
2021/4/11, 144, 162, 28, 35, 18, 10
2021/4/12, 170, 167, 19, 33, 18, 9
2021/4/13, 162, 141, 19, 30, 19, 8
2021/4/14, 146, 159, 19, 33, 16, 9
2021/4/15, 155, 240, 4, 20, 7, 5
2021/4/16, 124, 89, 17, 18, 9, 4
2021/4/17, 103, 88, 30, 21, 11, 5
2021/4/18, 126, 151, 20, 35, 17, 11
2021/4/19, 131, 137, 39, 17, 17, 3
2021/4/20, 125, 85, 24, 16, 12, 5
2021/4/21, 114, 79, 38, 12, 10, 3
2021/4/22, 102, 80, 32, 9, 11, 4
2021/4/23, 96, 77, 32, 18, 13, 5
2021/4/24, 99, 113, 39, 18, 14, 6
2021/4/25, 137, 155, 36, 28, 17, 9
2021/4/26, 188, 183, 39, 31, 19, 9
2021/4/27, 194, 210, 34, 31, 19, 11
2021/4/28, 205, 239, 37, 24, 16, 7
2021/4/29, 200, 207, 47, 21, 16, 6
2021/4/30, 175, 135, 63, 15, 13, 5
2021/5/1, 146, 137, 28, 20, 10, 5
2021/5/2, 134, 220, 21, 16, 12, 4
2021/5/3, 156, 94, 8, 28, 11, 8
2021/5/4, 82, 100, 42, 9, 12, 5
2021/5/5, 134, 101, 32, 8, 8, 5
2021/5/6, 128, 75, 44, 14, 10, 6
2021/5/7, 124, 79, 39, 21, 8, 6
2021/5/8, 131, 79, 36, 15, 9, 5
2021/5/9, 126, 75, 38, 14, 9, 6
2021/5/10, 124, 82, 40, 13, 9, 5
2021/5/11, 114, 85, 30, 11, 9, 5
2021/5/12, 98, 53, 32, 8, 7, 5
2021/5/13, 86, 64, 43, 9, 9, 5
2021/5/14, 106, 118, 41, 10, 8, 4
2021/5/15, 97, 77, 56, 12, 11, 5
2021/5/16, 132, 108, 19, 37, 13, 10
2021/5/17, 156, 55, 14, 16, 5, 5
2021/5/18, 87, 33, 9, 7, 4, 4
2021/5/19, 85, 42, 13, 11, 5, 6
2021/5/20, 83, 49, 6, 13, 4, 9
2021/5/21, 91, 49, 26, 15, 7, 8
2021/5/22, 80, 372, 19, 15, 8, 5
2021/5/23, 188, 107, 27, 20, 10, 6
2021/5/24, 139, 91, 31, 21, 9, 6
2021/5/25, 109, 86, 37, 21, 10, 6
2021/5/26, 112, 98, 32, 19, 10, 6
2021/5/27, 114, 77, 22, 11, 7, 6
2021/5/28, 89, 68, 20, 7, 6, 5
2021/5/29, 51, 89, 20, 9, 6, 5
2021/5/30, 63, 83, 16, 23, 6, 8
2021/5/31, 87, 90, 16, 6, 4, 4
2021/6/1, 56, 81, 16, 23, 7, 8
2021/6/2, 78, 97, 38, 14, 9, 7
2021/6/3, 142, 97, 33, 14, 7, 6
2021/6/4, 129, 77, 33, 13, 7, 6
2021/6/5, 102, 92, 17, 17, 7, 6
2021/6/6, 97, 104, 19, 23, 8, 9
2021/6/7, 121, 301, 6, 21, 10, 10
2021/6/8, 141, 189, 7, 15, 8, 8
2021/6/9, 119, 112, 6, 7, 6, 6
2021/6/10, 133, 98, 13, 10, 6, 7
2021/6/11, 94, 65, 7, 6, 5, 6
2021/6/12, 90, 60, 7, 17, 6, 8
2021/6/13, 94, 64, 19, 14, 6, 7
2021/6/14, 91, 79, 11, 13, 6, 8
2021/6/15, 87, 64, 9, 12, 6, 8
2021/6/16, 95, 64, 8, 10, 6, 7
2021/6/17, 101, 39, 8, 6, 5, 5
2021/6/18, 62, 40, 5, 7, 5, 6
2021/6/19, 63, 36, 8, 5, 6, 6
2021/6/20, 57, 54, 14, 10, 4, 7
2021/6/21, 86, 96, 12, 21, 5, 9
2021/6/22, 116, 118, 26, 22, 6, 8
2021/6/23, 137, 148, 34, 16, 7, 8
2021/6/24, 131, 122, 1, 20, 6, 8
2021/6/25, 125, 83, 5, 15, 5, 9
2021/6/26, 106, 108, 47, 16, 4, 8
2021/6/27, 154, 92, 48, 16, 5, 8
2021/6/28, 146, 123, 27, 29, 6, 10
2021/6/29, 146, 220, 16, 18, 7, 7
2021/6/30, 129, 157, 12, 24, 8, 12
2021/1/4, 168, 70, 7, 16, 6, 7
2021/1/5, 139, 151, 11, 17, 9, 12
2021/1/6, 208, 154, 7, 17, 7, 11
2021/1/7, 186, 204, 7, 17, 9, 10
2021/1/8, 213, 185, 5, 17, 13, 11
2021/1/9, 213, 145, 9, 15, 6, 8
2021/1/10, 199, 150, 10, 19, 6, 10
2021/1/11, 203, 187, 7, 18, 7, 15
2021/1/12, 234, 265, 9, 23, 7, 19
2021/1/13, 289, 408, 18, 32, 9, 23
2021/1/14, 418, 567, 19, 48, 11, 30
2021/1/15, 480, 284, 10, 28, 7, 20
2021/1/16, 308, 172, 18, 14, 6, 9
2021/1/17, 274, 152, 20, 15, 8, 7
2021/1/18, 228, 274, 6, 20, 8, 
2021/1/19, 307, 166, 8, 21, 7, 16
2021/1/20, 219, 151, 13, 23, 7, 12
2021/1/21, 215, 175, 16, 16, 6, 13
2021/1/22, 264, 146, 23, 14, 7, 9
2021/1/23, 219, 230, 5, 17, 7, 14
2021/1/24, 272, 162, 10, 16, 7, 7
2021/1/25, 219, 145, 29, 14, 7, 
2021/1/26, 213, 165, 8, 28, 8, 18
2021/1/27, 198, 253, 22, 22, 13, 16
2021/1/28, 290, 324, 13, 27, 10, 19
2021/1/29, 309, 196, 9, 25, 9, 12
2021/1/30, 233, 160, 3, 14, 6, 14
2021/1/31, 236, 200, 14, 50, 13, 13
2021/2/1, 211, 266, 17, 41, 13, 17
2021/2/2, 268, 141, 15, 27, 11, 9
2021/2/3, 192, 143, 17, 21, 10, 7
2021/2/4, 203, 186, 9, 35, 13, 16
2021/2/5, 173, 167, 12, 26, 13, 11
2021/2/6, 182, 162, 16, 23, , 14
2021/2/7, 200, 184, 14, 28, 18, 18
2021/2/8, 214, 149, 4, 36, 13, 22
2021/2/9, 164, 203, 15, 32, 13, 21
2021/2/10, 203, 220, 16, 26, 13, 19
2021/2/11, 225, 270, 17, 25, 14, 19
2021/2/12, 265, 173, 17, 31, 10, 16
2021/2/13, 203, 177, 20, 27, 9, 17
2021/2/14, 217, 163, 19, 25, 10, 15
2021/2/15, 206, 180, 36, 25, 14, 15
2021/2/16, 217, 167, 18, 26, 10, 18
2021/2/17, 191, 151, 22, 25, 11, 15
2021/2/18, 188, 217, 11, 25, 12, 20
2021/2/19, 221, 159, 12, 23, 10, 17
2021/2/20, 184, 207, 18, 22, 14, 15
2021/2/21, 218, 171, 15, 20, 11, 14
2021/2/22, 188, 140, 11, 24, 12, 15
2021/2/23, 165, 234, 14, 33, 19, 16
2021/2/24, 203, 188, 13, 19, 12, 18
2021/2/25, 191, 171, 12, 30, 15, 13
2021/2/26, 173, 134, 10, 23, 11, 11
2021/2/27, 132, 142, 22, 26, 14, 10
2021/2/28, 156, 133, 19, 26, 14, 12
2021/3/1, 143, 134, 19, 23, 12, 9
2021/3/2, 147, 146, 17, 59, 15, 15
2021/3/3, 145, 147, 23, 46, 15, 20
2021/3/4, 166, 154, 18, 27, 14, 12
2021/3/5, 170, 161, 20, 27, 17, 13
2021/3/6, 185, 137, 40, 18, 15, 11
2021/3/7, 172, 129, 35, 14, 12, 8
2021/3/8, 169, 166, 37, 18, 11, 7
2021/3/9, 179, 116, 36, 25, 14, 9
2021/3/10, 140, 127, 36, 21, 14, 8
2021/3/11, 165, 114, 26, 18, 10, 6
2021/3/12, 131, 137, 27, 23, 17, 11
2021/3/13, 164, 133, 28, 20, 18, 5
2021/3/14, 174, 151, 18, 34, 15, 12
2021/3/15, 158, 244, 13, 28, 19, 10
2021/3/16, 187, 237, 18, 26, 19, 8
2021/3/17, 185, 234, 19, 36, 16, 13
2021/3/18, 185, 183, 19, 31, 17, 10
2021/3/19, 174, 168, 22, 30, 17, 9
2021/3/20, 182, 131, 27, 26, 12, 8
2021/3/21, 159, 153, 30, 22, 13, 9
2021/3/22, 146, 200, 16, 23, 13, 5
2021/3/23, 142, 126, 22, 27, 15, 7
2021/3/24, 136, 102, 18, 21, 13, 7
2021/3/25, 125, 118, 23, 29, 16, 12
2021/3/26, 154, 123, 26, 30, 13, 10
2021/3/27, 155, 121, 28, 26, 9, 9
2021/3/28, 149, , , , , 
2021/3/30, 162, 125, 20, 29, 15, 9
2021/3/31, 87, 142, 23, 23, 19, 7
2020/10/1, 137, 105, 22, 22, 7, 9
2020/10/2, 154, 106, 20, 25, 9, 12
2020/10/3, 151, 107, 24, 26, 8, 10
2020/10/4, 152, 116, 19, 26, 9, 11
2020/10/5, 143, 128, 16, 28, 7, 13
2020/10/6, 151, 126, 20, 30, 8, 13
2020/10/7, 163, 153, 25, 39, 10, 14
2020/10/8, 167, 131, 38, 28, 9, 13
2020/10/9, 164, 130, 17, 28, 9, 13
2020/10/10, 169, 126, 27, 23, 9, 10
2020/10/11, 169, 135, 33, 32, 8, 15
2020/10/12, 177, 153, 31, 26, 7, 16
2020/10/13, 179, 128, 38, 23, 8, 13
2020/10/14, 185, 162, 23, 34, 8, 16
2020/10/15, 196, 155, 20, 33, 8, 15
2020/10/16, 176, 155, 29, 36, 9, 18
2020/10/17, 180, 145, 20, 30, 7, 14
2020/10/18, 167, 177, 23, 32, 8, 15
2020/10/19, 178, 149, 25, 30, 8, 15
2020/10/20, 166, 134, 25, 32, 7, 16
2020/10/21, 151, 220, 24, 48, 11, 22
2020/10/22, 198, 210, 36, 40, 9, 19
2020/10/23, 236, 243, 19, 49, 9, 23
2020/10/24, 234, 175, 28, 46, 7, 18
2020/10/25, 208, 245, 24, 46, 9, 24
2020/10/26, 242, 213, 13, 38, 6, 17
2020/10/27, 231, 208, 15, 46, 8, 22
2020/10/28, 216, 284, 24, 55, 8, 28
2020/10/29, 268, 275, 17, 46, 9, 23
2020/10/30, 270, 381, 10, 43, 11, 22
2020/10/31, 341, 316, 19, 36, 9, 17
2020/11/1, 310, 190, 12, 38, 9, 16
2020/11/2, 203, 162, 12, 42, 9, 18
2020/11/3, 182, 407, 6, 48, 9, 26
2020/11/4, 343, 329, 10, 49, 9, 21
2020/11/5, 324, 298, 9, 49, 9, 25
2020/11/6, 276, 336, 14, 45, 9, 22
2020/11/7, 317, 315, 12, 48, 11, 22
2020/11/8, 313, 642, 8, 60, 9, 32
2020/11/9, 497, 485, 34, 35, 8, 28
2020/11/10, 426, 146, 29, 30, 10, 29
2020/11/11, 196, 180, 28, 36, 9, 34
2020/11/12, 204, 221, 14, 46, 8, 28
2020/11/13, 219, 343, 25, 39, 9, 23
2020/11/14, 372, 327, 32, 28, 8, 13
2020/11/15, 355, 89, 17, 16, 7, 7
2020/11/16, 166, 123, 9, 27, 8, 12
2020/11/17, 163, 130, 12, 30, 7, 5
2020/11/18, 184, 150, 15, 35, 8, 16
2020/11/19, 197, 172, 13, 36, 7, 13
2020/11/20, 220, 153, 13, 30, 8, 11
2020/11/21, 192, 160, 14, 28, 7, 12
2020/11/22, 211, 167, 13, 42, 7, 18
2020/11/23, 209, 287, 23, 51, 9, 27
2020/11/24, 297, 286, 24, 35, 9, 16
2020/11/25, 312, 132, 15, 26, 10, 10
2020/11/26, 176, 125, 8, 31, 8, 13
2020/11/27, 162, 158, 12, 32, 8, 12
2020/11/28, 196, 149, 14, 32, 7, 14
2020/11/29, 189, 180, 13, 36, 7, 19
2020/11/30, 210, 252, 11, 44, 8, 21
2020/12/1, 266, 257, 10, 40, 9, 24
2020/12/2, 262, 214, 8, 40, 8, 19
2020/12/3, 231, 208, 38, 39, 7, 22
2020/12/4, 250, 223, 34, 29, 6, 9
2020/12/5, 289, 246, 13, 41, 7, 
2020/12/6, 278, 340, 9, 38, 7, 30
2020/12/7, 325, 185, 10, 39, 8, 20
2020/12/8, 211, 229, 9, 43, 9, 26
2020/12/9, 236, 182, 6, 29, 11, 19
2020/12/10, 193, 153, 9, 34, 7, 16
2020/12/11, 193, 227, 6, 24, 6, 17
2020/12/12, 284, 126, 8, 19, 6, 8
2020/12/13, 184, 98, 11, 18, 6, 6
2020/12/14, 163, 137, 11, 19, 20, 10
2020/12/15, 195, 151, 5, 25, 9, 13
2020/12/16, 197, 184, 9, 21, 8, 12
2020/12/17, 221, 218, 12, 29, 9, 14
2020/12/18, 231, 251, 10, 31, 9, 17
2020/12/19, 257, 226, 11, 29, 10, 17
2020/12/20, 261, 241, 9, 35, 14, 20
2020/12/21, 256, 425, 7, 32, 13, 32
2020/12/22, 377, 594, 6, 40, 12, 50
2020/12/23, 456, 507, 5, 32, 10, 41
2020/12/24, 411, 303, 7, 27, 8, 28
2020/12/25, 310, 262, 8, 28, 9, 23
2020/12/26, 295, 245, 15, 28, 11, 30
2020/12/27, 294, 180, 13, 24, 10, 13
2020/12/28, 167, 201, 11, 28, 8, 11
2020/12/29, 204, 159, 7, 23, 8, 12
2020/12/30, 222, 258, 6, 24, 8, 20
2020/12/31, 297, 392, 18, 34, 8, 25
2021/1/1, 415, 290, 17, 28, 9, 15
2021/1/2, 364, 114, 8, 18, 12, 8
2021/1/3, 208, 91, 9, 20, 6, 10
2020/7/1, 118, 75, 48, 12, 6, 7
2020/7/2, 133, 76, 42, 11, 7, 7
2020/7/3, 140, 53, 35, 3, 5, 5
2020/7/4, 104, 26, 25, 3, 5, 3
2020/7/5, 87, 64, 26, 8, 7, 5
2020/7/6, 105, 20, 13, 3, 5, 3
2020/7/7, 50, 28, 16, 8, 5, 5
2020/7/8, 63, 45, 17, 20, 5, 9
2020/7/9, 83, 91, 14, 15, 4, 6
2020/7/10, 64, 38, 15, 14, 4, 6
2020/7/11, 52, 35, 21, 10, 5, 5
2020/7/12, 50, 65, 16, 16, 6, 6
2020/7/13, 75, 74, 29, 12, 5, 6
2020/7/14, 93, 54, 38, 5, 5, 4
2020/7/15, 97, 35, 20, 5, 5, 4
2020/7/16, 76, 44, 15, 8, 4, 6
2020/7/17, 111, 42, 21, 7, 4, 5
2020/7/18, 95, 35, 9, 14, 6, 8
2020/7/19, 61, 49, 13, 16, 5, 9
2020/7/20, 66, 30, 8, 10, 5, 7
2020/7/21, 61, 36, 4, 12, 3, 10
2020/7/22, 58, 50, 10, 16, 4, 10
2020/7/23, 88, 41, 17, 9, 3, 6
2020/7/24, 96, 27, 19, 4, 5, 4
2020/7/25, 73, 33, 23, 9, 3, 6
2020/7/26, 85, 51, 8, 15, 5, 9
2020/7/27, 82, 47, 11, 14, 4, 7
2020/7/28, 63, 37, 11, 13, 3, 7
2020/7/29, 61, 31, 16, 14, 3, 7
2020/7/30, 49, 43, 23, 15, 2, 7
2020/7/31, 100, 43, 20, 14, 3, 8
2020/8/1, 92, 38, 10, 13, 4, 7
2020/8/2, 59, 43, 8, 14, 3, 8
2020/8/3, 64, 44, 18, 12, 4, 6
2020/8/4, 66, 48, 9, 12, 5, 8
2020/8/5, 97, 31, 14, 4, 5, 3
2020/8/6, 36, 24, 18, 6, 4, 4
2020/8/7, 57, 52, 35, 17, 5, 9
2020/8/8, 122, 37, 6, 13, 3, 8
2020/8/9, 80, 29, 9, 8, 2, 6
2020/8/10, 78, 43, 6, 15, 3, 11
2020/8/11, 103, 26, 6, 7, 2, 5
2020/8/12, 52, 19, 6, 8, 2, 5
2020/8/13, 28, 28, 14, 6, 2, 4
2020/8/14, 50, 37, 15, 4, 3, 3
2020/8/15, 70, 26, 14, 5, 3, 4
2020/8/16, 49, 46, 16, 10, 3, 9
2020/8/17, 73, 66, 5, 12, 3, 10
2020/8/18, 67, 37, 14, 13, 1, 8
2020/8/19, 58, 29, 33, 9, 1, 6
2020/8/20, 61, 35, 34, 6, 6, 5
2020/8/21, 46, 30, 13, 3, 5, 3
2020/8/22, 31, 24, 12, 2, 4, 1
2020/8/23, 40, 23, 8, 6, 4, 4
2020/8/24, 26, 40, 6, 10, 3, 6
2020/8/25, 38, 63, 5, 16, 4, 10
2020/8/26, 40, 61, 10, 11, 3, 7
2020/8/27, 43, 63, 31, 17, 3, 11
2020/8/28, 70, 54, 21, 10, 6, 7
2020/8/29, 86, 30, 11, 3, 3, 3
2020/8/30, 42, 32, 10, 7, 4, 5
2020/8/31, 28, 47, 7, 14, 4, 7
2020/9/1, 35, 55, 33, 13, 6, 7
2020/9/3, 67, 63, 7, 14, 3, 10
2020/9/4, 93, 60, 11, 15, 2, 8
2020/9/5, 72, 51, 2, 12, 3, 4
2020/9/6, 65, 81, 15, 22, 3, 12
2020/9/7, 101, 70, 9, 12, 1, 8
2020/9/8, 79, 86, 14, 11, 4, 11
2020/9/9, 128, 93, 11, 23, 2, 8
2020/9/10, 126, 89, 6, 19, 7, 10
2020/9/11, 111, 92, 30, 15, 4, 8
2020/9/12, 127, 92, 18, 13, 6, 8
2020/9/13, 148, 89, 17, 15, 2, 9
2020/9/14, 145, 93, 16, 20, 5, 11
2020/9/15, 144, 108, 13, 25, 5, 12
2020/9/16, 139, 95, 11, 21, 6, 10
2020/9/17, 121, 87, 9, 21, 6, 9
2020/9/18, 101, 89, 21, 19, 6, 10
2020/9/19, 130, 90, 17, 18, 5, 9
2020/9/20, 144, 89, 33, 16, 8, 8
2020/9/21, 138, 59, 15, 12, 5, 6
2020/9/22, 89, 48, 20, 10, 7, 5
2020/9/23, 66, 58, 22, 13, 7, 7
2020/9/24, 97, 86, 18, 23, 9, 11
2020/9/25, 128, 105, 5, 21, 6, 12
2020/9/26, 127, 79, 15, 17, 7, 7
2020/9/27, 89, 107, 12, 22, 8, 10
2020/9/28, 139, 117, 14, 22, 7, 9
2020/9/29, 149, 108, 14, 26, 7, 10
2020/9/30, 135, 108, 15, 24, 7, 10
2020/4/7, 58, 56, 32, 9, 1, 2
2020/4/8, 83, 50, 19, 13, 3, 2
2020/4/9, 90, 54, 44, 4, , 1
2020/4/10, 81, , , , , 
2020/4/14, 102, 93, 9, 11, , 6
2020/4/15, 148, , , , , 
2020/4/17, 74, 72, 39, 2, , 1
2020/4/18, 102, , , , , 
2020/4/20, 23, 53, 15, 7, , 3
2020/4/21, 87, 52, 28, 14, 2, 6
2020/4/22, 61, 66, 37, 12, 5, 3
2020/4/23, 103, 63, 2, , , 
2020/4/24, 122, 50, 44, 7, , 2
2020/4/25, 71, 97, 22, 10, , 4
2020/4/26, 137, , , , , 
2020/4/30, 111, 70, 15, 18, , 5
2020/5/1, 151, , , , , 
2020/5/6, 117, 85, 32, 12, , 4
2020/5/7, 136, 71, 68, 11, , 4
2020/5/8, 101, 70, 24, 11, , 5
2020/5/9, 151, , , , , 
2020/5/13, 151, 67, 50, 24, , 4
2020/5/14, 110, 80, 28, 27, , 7
2020/5/15, 127, 93, 55, 25, , 5
2020/5/16, 148, 94, 65, 24, , 6
2020/5/17, 148, 105, 60, 29, , 7
2020/5/18, 157, 105, 50, 33, , 7
2020/5/19, 150, 92, 55, 29, , 5
2020/5/20, 134, 91, 39, 29, , 6
2020/5/21, 116, 104, 48, 33, , 8
2020/5/22, 142, 107, 30, 30, , 6
2020/5/23, 126, 103, 38, 23, , 4
2020/5/24, 114, 94, 42, 25, , 6
2020/5/25, 119, 98, 36, 28, , 5
2020/5/26, 99, 97, 57, 19, , 4
2020/5/27, 95, 116, 38, 5, , 3
2020/5/28, 80, 41, 39, 7, , 2
2020/5/29, 63, 38, 34, 13, , 3
2020/5/30, 63, 27, 34, 9, , 3
2020/5/31, 54, 50, 68, 15, , 4
2020/6/1, 90, 61, 38, 24, , 5
2020/6/2, 97, 70, 68, 24, , 5
2020/6/3, 116, 80, 44, 22, , 6
2020/6/4, 127, 53, 42, 20, , 5
2020/6/5, 90, 46, 48, 14, , 5
2020/6/6, 79, 53, 28, 20, , 5
2020/6/7, 86, 61, 48, 22, , 6
2020/6/8, 115, 78, 36, 29, , 7
2020/6/9, 131, 88, 37, 32, , 9
2020/6/10, 122, 72, 41, 22, , 6
2020/6/11, 111, 81, 50, 20, , 7
2020/6/12, 142, 75, 25, 19, , 8
2020/6/13, 120, 82, 45, 17, , 5
2020/6/14, 139, 72, 35, 26, , 8
2020/6/15, 110, 63, 57, 16, 7, 6
2020/6/16, 91, 54, 58, 5, 8, 5
2020/6/17, 79, 57, 39, 9, 6, 6
2020/6/18, 87, 117, 39, 11, 9, 6
2020/6/19, 124, 65, 33, 13, 6, 5
2020/6/20, 84, 61, 33, 16, 4, 5
2020/6/21, 91, 53, 38, 16, 6, 6
2020/6/22, 103, 34, 24, 5, 6, 3
2020/6/23, 69, 37, 21, 5, 5, 4
2020/6/24, 77, 56, 17, 19, 6, 7
2020/6/25, 87, 73, 12, 17, 7, 8
2020/6/26, 113, 92, 11, 16, 8, 7
2020/6/27, 96, 171, 8, 14, 7, 6
2020/6/28, 121, 119, 24, 9, 7, 5
2020/6/29, 100, 65, 34, 5, 6, 5
2020/6/30, 108, 67, 46, 9, 6, 6
2020/1/1, 263, 291, 18, 23, 9, 30
2020/1/2, 325, 254, 14, 18, 6, 27
2020/1/3, 275, 232, 5, 31, 7, 28
2020/1/4, 290, 172, 10, 27, 4, 12
2020/1/5, 242, 157, 8, 22, 6, 12
2020/1/6, 226, 102, 5, 20, 6, 9
2020/1/7, 185, 93, 2, 16, 4, 9
2020/1/8, 181, 117, 5, , 1, 
2020/1/9, 181, 189, 9, 37, 4, 
2020/1/10, 228, 180, 9, 24, 13, 
2020/1/11, 228, 196, 12, 34, 7, 
2020/1/12, 265, 165, 11, 22, 8, 
2020/1/13, 255, 115, 7, 28, 6, 41
2020/1/14, 185, 132, 19, 38, 10, 94
2020/1/15, 194, 137, 6, 32, 11, 29
2020/1/16, 208, 177, 5, 17, 12, 21
2020/1/17, 211, 149, 7, 21, 9, 10
2020/1/18, 206, 126, 14, 13, 7, 10
2020/1/19, 198, 161, 7, 22, 12, 24
2020/1/20, 235, 159, 24, 14, 9, 23
2020/1/21, 250, 200, 7, 17, 11, 34
2020/1/22, 273, 111, 16, 25, 8, 12
2020/1/23, 157, 111, 18, 46, 10, 16
2020/1/24, 171, 134, 14, 43, 8, 24
2020/1/25, 197, 162, 19, 29, 8, 19
2020/1/26, 243, 149, 19, 34, 9, 17
2020/1/27, 236, 86, 23, 21, 6, 8
2020/1/28, 172, 113, 23, 27, 7, 11
2020/1/29, 164, 153, 12, 33, 8, 14
2020/1/30, 182, 127, 12, 31, 7, 11
2020/1/31, 177, 119, 18, 28, 7, 11
2020/2/1, 178, 146, 14, 30, 7, 13
2020/2/2, 203, 139, 21, 32, 8, 15
2020/2/3, 195, 154, 39, 35, 9, 17
2020/2/4, 221, 152, 16, 35, 10, 12
2020/2/5, 204, 128, 17, 31, 8, 12
2020/2/6, 186, 137, 19, 33, 9, 14
2020/2/7, 203, 147, 24, 30, 10, 11
2020/2/8, 220, 165, 23, 33, 11, 14
2020/2/9, 228, 161, 19, 32, 9, 14
2020/2/10, 221, 163, 20, 26, 10, 34
2020/2/11, 239, 170, 12, 37, 14, 14
2020/2/12, 215, 117, 14, 27, 11, 8
2020/2/13, 177, 105, 19, 24, 10, 6
2020/2/14, 154, 117, 22, 32, 13, 9
2020/2/15, 171, 136, 9, 36, 10, 16
2020/2/16, 193, 165, 19, 35, 11, 17
2020/2/17, 223, 137, 21, 36, 15, 12
2020/2/18, 201, 108, 41, 23, 11, 8
2020/2/19, 177, 102, 47, 16, 8, 5
2020/2/20, 170, 46, 26, 11, 6, 3
2020/2/21, 101, 65, 35, 27, 8, 4
2020/2/22, 136, 101, 26, 27, 9, 9
2020/2/23, 167, 89, 1, 27, 10, 8
2020/2/24, 154, 133, , , 11, 
2020/2/25, 202, 120, 20, 43, 10, 12
2020/2/26, 179, 89, 35, 25, 7, 7
2020/2/27, 167, 78, 34, 14, 6, 5
2020/2/28, 161, 61, 29, 15, 6, 4
2020/2/29, 137, 63, 28, 26, 6, 7
2020/3/1, 96, 102, 26, 34, 10, 13
2020/3/2, 166, 97, 3, 38, 9, 12
2020/3/3, 149, 86, 28, 25, 9, 7
2020/3/4, 143, 44, 30, 15, 5, 3
2020/3/5, 74, 27, 22, 16, 3, 3
2020/3/6, 55, 65, 23, 22, 5, 7
2020/3/7, 101, 96, 20, 26, 6, 10
2020/3/8, 143, 105, 16, 32, 8, 7
2020/3/9, 139, 88, 39, 19, 11, 6
2020/3/10, 152, 64, 30, 16, 7, 4
2020/3/11, 127, 87, 15, 24, 6, 6
2020/3/12, 123, 112, 17, 28, 6, 4
2020/3/13, 139, 47, 18, 10, 4, 
2020/3/14, 81, , , , , 
2020/3/16, 125, 125, 21, 31, 7, 6
2020/3/17, 156, 94, 15, 36, 6, 12
2020/3/18, 122, 103, 23, 26, 8, 9
2020/3/19, 164, 92, 59, 37, 11, 10
2020/3/20, 157, 96, 23, 40, 9, 8
2020/3/21, 155, 74, 34, 14, 7, 4
2020/3/22, 144, 62, 38, 14, 8, 4
2020/3/23, 111, 60, 25, 16, 7, 4
2020/3/24, 115, 48, 23, 11, 4, 3
2020/3/25, 91, 64, 15, 11, 7, 3
2020/3/26, 111, 34, 17, 6, 3, 2
2020/3/27, 74, 28, 17, 9, 3, 2
2020/3/28, 55, 42, 25, 5, 4, 2
2020/3/29, 77, 51, 27, 8, 6, 2
2020/3/30, 101, , , , , 
2019/10/1, 80, 61, 33, 15, 7, 8
2019/10/2, 93, 70, 32, 20, 8, 13
2019/10/3, 114, 93, 18, 24, 7, 12
2019/10/4, 119, 95, 18, 23, 6, 11
2019/10/5, 105, 105, 21, 28, 7, 11
2019/10/6, 142, 101, 13, 26, 8, 12
2019/10/7, 132, 81, 17, 25, 9, 9
2019/10/8, 109, 101, 13, 23, 8, 14
2019/10/9, 162, 104, 47, 30, 10, 13
2019/10/10, 162, 107, 44, 29, 9, 13
2019/10/11, 164, 108, 30, 28, 8, 16
2019/10/12, 165, 125, 26, 29, 8, 16
2019/10/13, 176, 119, 27, 29, 8, 17
2019/10/14, 171, 123, 28, 27, 8, 20
2019/10/15, 176, 135, 57, 25, 7, 20
2019/10/16, 191, 114, 35, 26, 7, 14
2019/10/17, 177, 115, 33, 18, 7, 10
2019/10/18, 156, 101, 40, 30, 9, 15
2019/10/19, 140, 116, 16, 28, 7, 14
2019/10/20, 167, 132, 15, 30, 8, 17
2019/10/21, 184, 122, 15, 27, 8, 14
2019/10/22, 164, 133, 18, 30, 8, 18
2019/10/23, 172, 154, 107, 32, 11, 25
2019/10/24, 196, 117, 50, 25, 8, 14
2019/10/25, 178, 126, 39, 30, 6, 18
2019/10/26, 181, 148, 19, 29, 7, 17
2019/10/27, 208, 278, 12, 32, 8, 18
2019/10/28, 324, 269, 5, 34, 7, 25
2019/10/29, 323, 269, 5, 34, 7, 29
2019/10/30, 317, 335, 6, 39, 8, 33
2019/10/31, 354, 443, 2, 46, 9, 56
2019/11/1, 407, 519, 4, 36, 6, 31
2019/11/2, 488, 636, 5, 29, 4, 31
2019/11/3, 586, 289, 8, 30, 6, 22
2019/11/4, 320, 212, 15, 29, 7, 16
2019/11/5, 275, 106, 6, 30, 6, 17
2019/11/6, 162, 176, 6, 29, 6, 17
2019/11/7, 235, 156, 10, 36, 9, 22
2019/11/8, 207, 149, 9, 30, 8, 18
2019/11/9, 211, 189, 17, 34, 10, 16
2019/11/10, 264, 220, 13, 37, 10, 20
2019/11/11, 279, 339, 16, 41, 7, 24
2019/11/12, 380, 425, 11, 41, 8, 31
2019/11/13, 434, 469, 42, 51, 11, 36
2019/11/14, 437, 410, 9, 40, 8, 31
2019/11/15, 405, 186, 12, 29, 8, 18
2019/11/16, 252, 110, 11, 23, 6, 11
2019/11/17, 171, 112, 13, 26, 7, 13
2019/11/18, 183, 169, 3, 33, 6, 20
2019/11/19, 182, 149, 13, 45, 3, 21
2019/11/20, 203, 188, 18, 49, 8, 35
2019/11/21, 254, 190, 16, 45, 8, 27
2019/11/22, 233, 153, 4, 35, 6, 20
2019/11/23, 202, 127, 9, 33, 7, 15
2019/11/24, 185, 118, 24, 25, 6, 12
2019/11/25, 184, 121, 23, 31, 10, 15
2019/11/26, 172, 89, 16, 26, 7, 9
2019/11/27, 136, 38, 12, 13, 7, 4
2019/11/28, 77, 73, 16, 23, 8, 11
2019/11/29, 129, 113, 6, 26, 7, 15
2019/11/30, 177, 128, 13, 24, 5, 14
2019/12/1, 198, 128, 11, 26, 8, 14
2019/12/2, 200, 136, 1, 37, 10, 19
2019/12/3, 184, 143, 16, 29, 7, 19
2019/12/4, 209, 243, 33, 41, 9, 32
2019/12/5, 303, 251, 13, 29, 9, 28
2019/12/6, 310, 213, 33, 27, 8, 25
2019/12/7, 290, 233, 15, 28, 9, 32
2019/12/8, 297, 193, 23, 25, 10, 27
2019/12/9, 272, 221, 24, 31, 10, 28
2019/12/10, 283, 269, 29, 36, 12, 34
2019/12/11, 333, 254, 28, 26, 9, 11
2019/12/12, 316, 104, 14, 17, 3, 10
2019/12/13, 171, 105, 15, 17, 5, 12
2019/12/14, 171, 123, 8, 17, 6, 12
2019/12/15, 185, 110, 4, 13, 4, 10
2019/12/16, 179, 114, 6, 11, 5, 13
2019/12/17, 186, 142, 12, 19, 5, 13
2019/12/18, 214, 292, 6, 24, 4, 20
2019/12/19, 332, 389, 5, 27, 4, 25
2019/12/20, 394, 309, 3, 26, 5, 23
2019/12/21, 337, 149, 3, 17, 6, 14
2019/12/22, 223, 167, 6, 16, 4, 15
2019/12/23, 248, 328, 7, 27, 5, 23
2019/12/24, 337, 195, 3, 16, 2, 14
2019/12/25, 244, 219, 5, 19, 2, 15
2019/12/26, 279, 287, 7, 25, 4, 16
2019/12/27, 311, 303, 5, 19, 4, 21
2019/12/28, 317, 458, 13, 29, 4, 22
2019/12/29, 397, , , , , 
2019/7/1, 120, 136, 57, 17, 9, 8
2019/7/2, 146, 68, 24, 12, 4, 5
2019/7/3, 82, 70, 13, 22, 4, 10
2019/7/4, 80, 99, 5, 29, 3, 10
2019/7/5, 125, 74, 30, 14, 4, 6
2019/7/6, 72, 35, 18, 26, 3, 10
2019/7/7, 90, 112, 19, 27, 4, 9
2019/7/8, 117, 95, 9, 23, 2, 7
2019/7/9, 106, 230, 8, 24, 3, 10
2019/7/10, 135, 336, 14, 22, 3, 9
2019/7/11, 160, 279, 6, 20, 3, 8
2019/7/12, 145, 208, 14, 17, 3, 7
2019/7/13, 130, 193, 22, 15, 3, 5
2019/7/14, 138, 107, 14, 16, 4, 6
2019/7/15, 90, 59, 25, 15, 2, 5
2019/7/16, 75, 69, 12, 25, 2, 10
2019/7/17, 88, 77, 10, 32, 3, 13
2019/7/18, 77, 94, 59, 25, 3, 12
2019/7/19, 127, 100, 11, 32, 3, 14
2019/7/20, 116, 78, 29, 14, 2, 7
2019/7/21, 114, 64, 27, 23, 8, 
2019/7/22, 110, 92, 26, 21, 2, 47
2019/7/23, 142, 105, 17, 30, 5, 45
2019/7/24, 127, 63, 7, 18, 8, 10
2019/7/25, 57, 48, 11, 14, 4, 7
2019/7/26, 78, 32, 19, 10, 4, 6
2019/7/27, 60, 28, 13, 8, 4, 4
2019/7/28, 42, 34, 17, 7, 7, 4
2019/7/29, 40, 49, 19, 10, 7, 5
2019/7/30, 62, 47, 24, 10, 7, 5
2019/7/31, 64, 52, 22, 13, 6, 6
2019/8/1, 74, 58, 13, 14, 6, 9
2019/8/2, 82, 62, 12, 9, 7, 9
2019/8/3, 89, 68, 18, 8, 8, 9
2019/8/4, 123, 73, 12, 31, 6, 12
2019/8/5, 119, 40, 5, 18, 7, 8
2019/8/6, 65, 52, 35, 13, 9, 10
2019/8/7, 78, 39, 29, 21, 7, 6
2019/8/8, 48, 28, 15, 4, 8, 4
2019/8/9, 26, 19, 13, 2, 3, 4
2019/8/10, 26, 43, 16, 8, 6, 7
2019/8/11, 55, 46, 7, 8, 6, 10
2019/8/12, 50, 58, 8, 16, 7, 12
2019/8/13, 62, 48, 24, 26, 6, 10
2019/8/14, 76, 39, 16, 6, 6, 6
2019/8/15, 69, 21, 12, 3, 7, 4
2019/8/16, 37, 10, 6, 2, 6, 4
2019/8/17, 26, 31, 5, 7, 5, 8
2019/8/18, 41, 68, 14, 10, 5, 14
2019/8/19, 96, 78, 10, 11, 4, 13
2019/8/20, 106, 92, 13, 11, 5, 10
2019/8/21, 117, 85, 11, 15, 5, 13
2019/8/22, 103, 83, 11, 16, 5, 14
2019/8/23, 112, 77, 17, 14, 5, 15
2019/8/24, 119, 41, 17, 9, 5, 7
2019/8/25, 72, 35, 18, 9, 4, 7
2019/8/26, 52, 48, 32, 12, 5, 8
2019/8/27, 71, 51, 21, 13, 8, 7
2019/8/28, 80, 51, 5, 10, 6, 6
2019/8/29, 76, 59, 11, 16, 8, 8
2019/8/30, 88, 73, 4, 24, 5, 11
2019/8/31, 113, 46, 16, 12, 4, 7
2019/9/1, 76, 60, 43, 17, 3, 9
2019/9/2, 106, 78, 20, 17, 4, 10
2019/9/3, 144, 82, 26, 15, 6, 9
2019/9/4, 153, 49, 19, 11, 3, 6
2019/9/5, 75, 54, 15, 15, 4, 8
2019/9/6, 78, 50, 7, 14, 3, 8
2019/9/7, 76, 47, 16, 11, 2, 6
2019/9/8, 79, 77, 15, 18, 4, 9
2019/9/9, 135, 71, 36, 14, 7, 7
2019/9/10, 128, 91, 60, 22, 5, 11
2019/9/11, 156, 71, 21, 15, 6, 9
2019/9/12, 130, 50, 21, 11, 4, 7
2019/9/13, 80, 39, 30, 7, 7, 5
2019/9/14, 64, 47, 30, 11, 7, 7
2019/9/15, 92, 72, 27, 17, 5, 13
2019/9/16, 124, 83, 39, 22, 5, 12
2019/9/17, 134, 56, 35, 12, 6, 6
2019/9/18, 87, 32, 17, 8, 6, 5
2019/9/19, 49, 52, 16, 14, 5, 8
2019/9/20, 75, 60, 31, 15, 5, 8
2019/9/21, 103, 38, 14, 12, 5, 6
2019/9/22, 52, 48, 33, 13, 7, 7
2019/9/23, 84, 57, 31, 15, 6, 7
2019/9/24, 89, 49, 26, 12, 6, 6
2019/9/25, 76, 28, 11, 9, 5, 5
2019/9/26, 38, 25, 16, 8, 7, 4
2019/9/27, 29, 34, 14, 9, 6, 5
2019/9/28, 48, 25, 18, 6, 6, 4
2019/9/29, 32, 44, 23, 12, 6, 8
2019/9/30, 59, 49, 25, 12, 6, 7
2019/4/1, 108, 115, 32, 41, 11, 11
2019/4/2, 137, 121, 27, 41, 9, 11
2019/4/3, 136, 136, 33, 48, 12, 17
2019/4/4, 152, 133, 52, 47, 14, 16
2019/4/5, 160, 181, 33, 33, 11, 11
2019/4/6, 138, 198, 47, 26, 11, 16
2019/4/7, 188, 195, 39, 29, 8, 8
2019/4/8, 132, 114, 79, 29, 10, 10
2019/4/9, 138, 137, 29, 41, 11, 16
2019/4/10, 145, 124, 34, 37, 13, 10
2019/4/11, 134, 141, 36, 26, 11, 7
2019/4/12, 119, 115, 27, 27, 12, 6
2019/4/13, 112, 110, 23, 28, 12, 8
2019/4/14, 108, 122, 18, 32, 14, 11
2019/4/15, 112, 152, 28, 18, 6, 6
2019/4/16, 93, 56, 23, 20, 4, 5
2019/4/17, 50, 72, 28, 29, 8, 9
2019/4/18, 108, 129, 26, 37, 13, 12
2019/4/19, 146, 126, 35, 38, 13, 12
2019/4/20, 149, 119, 29, 40, 8, 14
2019/4/21, 133, 141, 38, 46, 13, 17
2019/4/22, 155, 155, 32, 45, 12, 19
2019/4/23, 152, 138, 35, 37, 10, 11
2019/4/24, 146, 170, 59, 26, 11, 10
2019/4/25, 158, 160, 29, 41, 17, 15
2019/4/26, 145, 195, 24, 36, 15, 9
2019/4/27, 132, 176, 25, 35, 12, 9
2019/4/28, 132, 167, 25, 41, 13, 10
2019/4/29, 138, 165, 10, 41, 19, 13
2019/4/30, 157, 173, 47, 44, 17, 12
2019/5/1, 159, 188, 39, 21, 9, 7
2019/5/2, 132, 101, 63, 20, 11, 6
2019/5/3, 104, 133, 35, 42, 14, 12
2019/5/4, 146, 169, 38, 41, 14, 11
2019/5/5, 170, 160, 36, 45, 10, 15
2019/5/6, 161, 223, 19, 39, 9, 16
2019/5/7, 173, 286, 24, 41, 12, 20
2019/5/8, 185, 313, 27, 40, 11, 14
2019/5/9, 190, 232, 23, 34, 11, 10
2019/5/10, 163, 180, 30, 41, 10, 10
2019/5/11, 171, 430, 42, 31, 12, 10
2019/5/12, 226, 257, 59, 41, 19, 15
2019/5/13, 236, 82, 33, 30, 6, 7
2019/5/14, 113, 103, 38, 32, 9, 11
2019/5/15, 133, 164, 23, 40, 7, 13
2019/5/16, 138, 278, 27, 31, 6, 9
2019/5/17, 136, 95, 21, 33, 6, 10
2019/5/18, 99, 125, 41, 41, 11, 11
2019/5/19, 159, 153, 31, 47, 11, 15
2019/5/20, 159, 131, 31, 43, 11, 12
2019/5/21, 143, 142, 14, 41, 10, 13
2019/5/22, 132, 188, 46, 39, 12, 14
2019/5/23, 164, 90, 22, 28, 7, 9
2019/5/24, 100, 97, 27, 33, 8, 8
2019/5/25, 108, 102, 37, 38, 13, 10
2019/5/26, 124, 118, 32, 45, 10, 12
2019/5/27, 122, 118, 33, 45, 10, 13
2019/5/28, 113, 127, 33, 49, 13, 14
2019/5/29, 137, 144, 28, 49, 9, 17
2019/5/30, 137, 226, 36, 40, 9, 12
2019/5/31, 146, 151, 106, 28, 12, 11
2019/6/1, 158, 126, 62, 17, 8, 8
2019/6/2, 146, 210, 47, 11, 5, 6
2019/6/3, 127, 112, 67, 21, 6, 9
2019/6/4, 108, 112, 73, 24, 8, 9
2019/6/5, 140, 179, 44, 37, 8, 10
2019/6/6, 130, 93, 94, 18, 8, 7
2019/6/7, 111, 103, 44, 43, 6, 12
2019/6/8, 124, 140, 99, 36, 14, 15
2019/6/9, 148, 130, 39, 50, 8, 16
2019/6/10, 131, 303, 15, 42, 6, 15
2019/6/11, 135, 204, 45, 17, 7, 7
2019/6/12, 99, 131, 25, 34, 5, 10
2019/6/13, 105, 137, 31, 36, 9, 10
2019/6/14, 114, 170, 30, 41, 13, 12
2019/6/15, 147, 123, 23, 18, 6, 6
2019/6/16, 89, 105, 19, 23, 6, 7
2019/6/17, 98, 67, 27, 28, 4, 8
2019/6/18, 66, 132, 86, 26, 5, 9
2019/6/19, 141, 88, 53, 27, 5, 7
2019/6/20, 80, 120, 32, 40, 7, 12
2019/6/21, 138, 99, 53, 34, 9, 8
2019/6/22, 118, 89, 21, 11, 5, 5
2019/6/23, 113, 71, 28, 14, 5, 6
2019/6/24, 51, 72, 55, 24, 4, 9
2019/6/25, 99, 98, 27, 36, 8, 11
2019/6/26, 131, 149, 25, 39, 8, 12
2019/6/27, 133, 145, 16, 33, 6, 10
2019/6/28, 119, 179, 16, 30, 5, 9
2019/6/29, 124, 198, 17, 24, 6, 10
2019/6/30, 133, 119, 38, 22, 9, 5
2019/1/1, 332, 327, 20, 40, 5, 26
2019/1/2, 338, 426, 7, 42, 5, 32
2019/1/3, 408, 301, 6, 39, 4, 20
2019/1/4, 314, 262, 22, 29, 4, 18
2019/1/5, 277, 181, 20, 34, 4, 14
2019/1/6, 233, 253, 7, 35, 5, 17
2019/1/7, 264, 217, 8, 40, 5, 15
2019/1/8, 243, 214, 9, 40, 5, 15
2019/1/9, 232, 209, 7, 35, 5, 17
2019/1/10, 233, 242, 14, 35, 5, 25
2019/1/11, 289, 267, 26, 40, 5, 24
2019/1/12, 309, 283, 13, 44, 5, 20
2019/1/13, 311, 136, 12, 35, 5, 12
2019/1/14, 178, 182, 7, 36, 7, 13
2019/1/15, 212, 216, 18, 35, 7, 20
2019/1/16, 277, 416, 8, 50, 8, 33
2019/1/17, 389, 311, 6, 38, 4, 24
2019/1/18, 305, 316, 6, 42, 5, 27
2019/1/19, 296, 282, 10, 50, 7, 29
2019/1/20, 283, 144, 14, 28, 3, 12
2019/1/21, 199, 57, 10, 20, 3, 6
2019/1/22, 126, 201, 6, 31, 4, 20
2019/1/23, 215, 166, 17, 30, 5, 15
2019/1/24, 202, 130, 10, 32, 5, 10
2019/1/25, 172, 141, 17, 31, 5, 8
2019/1/26, 192, 161, 10, 34, 6, 11
2019/1/27, 216, 139, 20, 34, 7, 9
2019/1/28, 189, 205, 12, 40, 8, 18
2019/1/29, 205, 259, 12, 36, 8, 20
2019/1/30, 266, 217, 21, 31, 5, 17
2019/1/31, 250, 166, 9, 32, 5, 13
2019/2/1, 232, 216, 5, 29, 3, 13
2019/2/2, 264, 162, 6, 24, 3, 11
2019/2/3, 214, 146, 10, 34, 4, 15
2019/2/4, 188, 181, 24, 32, 7, 23
2019/2/5, 238, 144, 16, 28, 4, 13
2019/2/6, 213, 71, 12, 18, 3, 6
2019/2/7, 144, 157, 15, 35, 6, 9
2019/2/8, 167, 179, 2, 42, 6, 19
2019/2/9, 170, 177, 10, 31, 6, 16
2019/2/10, 212, 216, 25, 33, 8, 22
2019/2/11, 246, 267, 24, 56, 8, 18
2019/2/12, 262, 180, 19, 40, 6, 16
2019/2/13, 222, 135, 18, 28, 4, 11
2019/2/14, 205, 145, 5, 30, 6, 11
2019/2/15, 197, 140, 7, 25, 5, 11
2019/2/16, 187, 133, 21, 26, 6, 8
2019/2/17, 181, 106, 21, 32, 7, 10
2019/2/18, 152, 150, 18, 37, 6, 14
2019/2/19, 181, 138, 8, 29, 8, 13
2019/2/20, 158, 94, 19, 23, 6, 8
2019/2/21, 123, 121, 11, 26, 5, 10
2019/2/22, 148, 97, 17, 30, 7, 8
2019/2/23, 138, 120, 24, 36, 9, 9
2019/2/24, 171, 98, 29, 22, 6, 9
2019/2/25, 150, 85, 21, 18, 8, 5
2019/2/26, 135, 70, 24, 16, 6, 3
2019/2/27, 130, 143, 1, 38, 6, 16
2019/2/28, 171, 84, 19, 31, 7, 8
2019/3/1, 110, 103, 8, 38, 7, 13
2019/3/2, 162, 79, 23, 22, 5, 7
2019/3/3, 137, 124, 14, 34, 5, 12
2019/3/4, 166, 115, 16, 30, 6, 10
2019/3/5, 153, 120, 18, 25, 5, 11
2019/3/6, 152, 125, 23, 37, 6, 16
2019/3/7, 154, 129, 31, 33, 8, 11
2019/3/8, 153, 106, 18, 35, 8, 8
2019/3/9, 125, 114, 27, 36, 8, 8
2019/3/10, 144, 124, 24, 36, 8, 12
2019/3/11, 145, 93, 25, 30, 7, 7
2019/3/12, 126, 136, 24, 32, 11, 9
2019/3/13, 156, 128, 13, 26, 8, 11
2019/3/14, 153, 110, 16, 29, 8, 10
2019/3/15, 148, 106, 19, 35, 8, 9
2019/3/16, 147, 126, 23, 35, 10, 9
2019/3/17, 164, 120, 23, 34, 8, 10
2019/3/18, 159, 141, 15, 35, 8, 13
2019/3/19, 155, 137, 13, 39, 8, 12
2019/3/20, 142, 124, 38, 20, 10, 9
2019/3/21, 162, 92, 21, 27, 9, 7
2019/3/22, 104, 100, 20, 31, 9, 8
2019/3/23, 122, 103, 20, 26, 10, 7
2019/3/24, 121, 99, 17, 24, 10, 7
2019/3/25, 132, 117, 18, 33, 11, 10
2019/3/26, 142, 118, 18, 35, 10, 11
2019/3/27, 140, 133, 30, 37, 10, 14
2019/3/28, 149, 137, 25, 38, 8, 16
2019/3/29, 156, 132, 43, 37, 11, 14
2019/3/30, 156, 111, 22, 30, 12, 7
2019/3/31, 118, 112, 24, 34, 10, 8
2018/10/1, 139, 115, 26, 27, 4, 14
2018/10/2, 137, 101, 27, 35, 5, 14
2018/10/3, 116, 141, 65, 35, 6, 15
2018/10/4, 163, 134, 71, 32, 7, 17
2018/10/5, 169, 138, 16, 30, 5, 17
2018/10/6, 150, 128, 31, 32, 7, 14
2018/10/7, 155, 130, 40, 40, 6, 15
2018/10/8, 168, 90, 75, 33, 9, 14
2018/10/9, 167, 74, 43, 27, 6, 11
2018/10/10, 161, 99, 24, 27, 5, 9
2018/10/11, 90, 101, 45, 29, 8, 9
2018/10/12, 134, 149, 29, 33, 7, 15
2018/10/13, 179, 145, 23, 39, 6, 14
2018/10/14, 164, 168, 31, 43, 7, 17
2018/10/15, 174, 159, 93, 47, 7, 23
2018/10/16, 175, 174, 22, 42, 6, 20
2018/10/17, 168, 151, 87, 36, 6, 26
2018/10/18, 168, 201, 49, 46, 9, 17
2018/10/19, 191, 210, 42, 40, 10, 17
2018/10/20, 219, 174, 36, 38, 11, 15
2018/10/21, 192, 167, 21, 39, 7, 18
2018/10/22, 176, 164, 16, 48, 7, 20
2018/10/23, 170, 187, 73, 48, 9, 23
2018/10/24, 200, 213, 101, 44, 12, 21
2018/10/25, 216, 226, 55, 49, 9, 26
2018/10/26, 243, 240, 47, 53, 10, 25
2018/10/27, 234, 230, 30, 42, 8, 22
2018/10/28, 244, 263, 12, 52, 6, 27
2018/10/29, 267, 275, 20, 47, 7, 21
2018/10/30, 299, 197, 2, 40, 6, 30
2018/10/31, 248, 181, 32, 49, 7, 29
2018/11/1, 254, 189, 52, 48, 8, 21
2018/11/2, 265, 163, 54, 28, 6, 11
2018/11/3, 226, 143, 24, 33, 6, 11
2018/11/4, 189, 469, 11, 46, 6, 23
2018/11/5, 421, 274, 14, 45, 9, 18
2018/11/6, 262, 196, 21, 41, 8, 12
2018/11/7, 211, 444, 19, 40, 9, 16
2018/11/8, 438, 312, 14, 57, 7, 27
2018/11/9, 319, 221, 27, 44, 6, 26
2018/11/10, 288, 232, 24, 50, 6, 28
2018/11/11, 266, 245, 43, 48, 6, 29
2018/11/12, 276, 278, 23, 51, 7, 31
2018/11/13, 290, 141, 20, 39, 5, 18
2018/11/14, 197, 141, 16, 41, 6, 17
2018/11/15, 179, 197, 11, 47, 5, 14
2018/11/16, 220, 193, 13, 45, 5, 21
2018/11/17, 207, 139, 38, 38, 6, 30
2018/11/18, 191, 171, 35, 40, 7, 21
2018/11/19, 226, 238, 14, 58, 7, 24
2018/11/20, 252, 233, 12, 41, 6, 24
2018/11/21, 257, 171, 15, 47, 6, 18
2018/11/22, 182, 225, 12, 44, 7, 22
2018/11/23, 232, 180, 15, 39, 6, 13
2018/11/24, 185, 161, 13, 40, 6, 16
2018/11/25, 180, 218, 13, 46, 10, 24
2018/11/26, 234, 149, 9, 47, 5, 19
2018/11/27, 193, 154, 16, 40, 5, 19
2018/11/28, 202, 214, 7, 49, 5, 26
2018/11/29, 224, 226, 8, 44, 5, 21
2018/11/30, 229, 200, 8, 44, 5, 19
2018/12/1, 209, 165, 9, 49, 5, 20
2018/12/2, 188, 202, 11, 49, 6, 29
2018/12/3, 218, 212, 10, 49, 6, 21
2018/12/4, 229, 197, 8, 43, 5, 24
2018/12/5, 217, 208, 11, 50, 5, 27
2018/12/6, 233, 225, 8, 41, 6, 25
2018/12/7, 241, 220, 13, 43, 7, 24
2018/12/8, 256, 202, 13, 49, 7, 22
2018/12/9, 246, 256, 28, 42, 5, 24
2018/12/10, 295, 249, 20, 44, 4, 24
2018/12/11, 294, 242, 42, 39, 5, 20
2018/12/12, 271, 129, 14, 36, 6, 15
2018/12/13, 178, 157, 7, 40, 5, 17
2018/12/14, 199, 175, 7, 40, 6, 16
2018/12/15, 214, 191, 10, 40, 7, 15
2018/12/16, 221, 233, 7, 38, 6, 22
2018/12/17, 251, 295, 10, 42, 7, 26
2018/12/18, 291, 234, 10, 42, 6, 20
2018/12/19, 257, 266, 11, 45, 6, 28
2018/12/20, 296, 314, 10, 43, 5, 28
2018/12/21, 326, 358, 28, 44, 6, 27
2018/12/22, 371, 365, 42, 40, 5, 29
2018/12/23, 391, 381, 11, 53, 7, 28
2018/12/24, 358, 374, 10, 40, 5, 26
2018/12/25, 366, 250, 11, 38, 5, 20
2018/12/26, 290, 293, 8, 54, 7, 29
2018/12/27, 302, 347, 9, 44, 6, 20
2018/12/28, 358, 284, 10, 38, 6, 22
2018/12/29, 297, 370, 10, 42, 8, 29
2018/12/30, 354, , , , , 
2018/7/1, 92, 85, 12, 21, 5, 8
2018/7/2, 72, 70, 45, 18, 5, 8
2018/7/3, 85, 76, 32, 19, 5, 8
2018/7/4, 98, 93, 27, 27, 6, 13
2018/7/5, 115, 123, 13, 35, 4, 12
2018/7/6, 134, 102, 28, 29, 4, 10
2018/7/7, 139, 98, 40, 26, 5, 10
2018/7/8, 134, 99, 30, 21, 3, 10
2018/7/9, 152, 68, 44, 11, 4, 7
2018/7/10, 106, 67, 31, 17, 7, 9
2018/7/11, 93, 85, 54, 22, 4, 14
2018/7/12, 110, 42, 14, 16, 4, 10
2018/7/13, 66, 54, 18, 16, 4, 9
2018/7/14, 87, 47, 18, 11, 3, 7
2018/7/15, 71, 46, 8, 13, 1, 9
2018/7/16, 72, 59, 21, 20, 2, 8
2018/7/17, 53, 63, 26, 13, 5, 6
2018/7/18, 82, 62, 26, 15, 5, 9
2018/7/19, 80, 78, 16, 21, 4, 13
2018/7/20, 99, 74, 16, 25, 2, 12
2018/7/21, 120, 44, 14, 15, 3, 10
2018/7/22, 60, 48, 16, 13, 3, 8
2018/7/23, 72, 72, 27, 19, 3, 10
2018/7/24, 96, 85, 5, 23, 3, 14
2018/7/25, 79, 53, 3, 18, 3, 11
2018/7/26, 71, 39, 4, 18, 2, 12
2018/7/27, 59, 70, 6, 19, 2, 14
2018/7/28, 89, 110, 8, 22, 2, 13
2018/7/29, 108, 109, 8, 20, 3, 11
2018/7/30, 98, 125, 6, 23, 2, 12
2018/7/31, 112, 142, 7, 21, 2, 11
2018/8/1, 122, 169, 7, 17, 2, 10
2018/8/2, 141, 196, 6, 21, 3, 12
2018/8/3, 141, 186, 6, 20, 5, 11
2018/8/4, 143, 171, 4, 14, 5, 9
2018/8/5, 139, 82, 11, 10, 3, 8
2018/8/6, 113, 77, 21, 17, 2, 11
2018/8/7, 113, 59, 15, 13, 3, 9
2018/8/8, 86, 65, 20, 11, 3, 9
2018/8/9, 68, 86, 12, 26, 3, 14
2018/8/10, 103, 91, 9, 20, 2, 10
2018/8/11, 82, 74, 5, 16, 3, 10
2018/8/12, 59, 71, 16, 15, 3, 9
2018/8/13, 67, 75, 18, 18, 2, 9
2018/8/14, 95, 79, 24, 14, 3, 8
2018/8/15, 101, 59, 26, 17, 4, 11
2018/8/16, 73, 57, 15, 13, 3, 10
2018/8/17, 82, 56, 6, 17, 3, 10
2018/8/18, 84, 59, 55, 21, 3, 12
2018/8/19, 86, 65, 29, 14, 4, 10
2018/8/20, 120, 47, 19, 14, 5, 8
2018/8/21, 60, 56, 10, 18, 6, 11
2018/8/22, 70, 85, 2, 18, 3, 13
2018/8/23, 82, 90, 4, 21, 5, 13
2018/8/24, 67, 76, 5, 17, 4, 11
2018/8/25, 57, 64, 11, 11, 4, 7
2018/8/26, 57, 48, 13, 14, 5, 9
2018/8/27, 69, 44, 10, 15, 3, 10
2018/8/28, 70, 54, 8, 16, 4, 11
2018/8/29, 61, 89, 10, 25, 4, 15
2018/8/30, 90, 102, 7, 18, 3, 10
2018/8/31, 110, 83, 3, 22, 6, 14
2018/9/1, 112, 61, 6, 17, 4, 12
2018/9/2, 100, 53, 22, 17, 4, 12
2018/9/3, 97, 115, 26, 29, 4, 23
2018/9/4, 139, 113, 4, 25, 4, 17
2018/9/5, 110, 87, 9, 21, 4, 14
2018/9/6, 98, 72, 7, 32, 5, 18
2018/9/7, 89, 47, 15, 11, 4, 8
2018/9/8, 55, 36, 13, 7, 6, 6
2018/9/9, 45, 75, 10, 22, 7, 12
2018/9/10, 83, 83, 6, 20, 6, 21
2018/9/11, 70, 89, 6, 14, 6, 10
2018/9/12, 69, 87, 5, 12, 5, 9
2018/9/13, 59, 93, 8, 19, 6, 10
2018/9/14, 76, 92, 11, 21, 7, 11
2018/9/15, 87, 96, 12, 21, 6, 9
2018/9/16, 109, 99, 16, 27, 5, 11
2018/9/17, 130, 101, 20, 29, 6, 11
2018/9/18, 130, 83, 21, 30, 6, 12
2018/9/19, 133, 73, 75, 21, 5, 10
2018/9/20, 142, 43, 20, 14, 6, 7
2018/9/21, 93, 24, 13, 7, 3, 5
2018/9/22, 46, 38, 22, 6, 6, 5
2018/9/23, 69, 37, 10, 13, 6, 8
2018/9/24, 48, 79, 9, 20, 5, 14
2018/9/25, 69, 116, 15, 25, 5, 14
2018/9/26, 114, 113, 21, 26, 5, 20
2018/9/27, 143, 117, 15, 34, 5, 19
2018/9/28, 135, 135, 22, 37, 5, 20
2018/9/29, 152, 116, 21, 32, 4, 12
2018/9/30, 134, 118, 21, 32, 5, 14
2018/4/1, 122, 100, 16, 27, , 
2018/4/2, 144, 105, 16, 29, , 
2018/4/3, 149, 95, 68, 31, , 
2018/4/4, 135, 141, 77, 31, , 
2018/4/5, 165, 92, 62, 32, , 
2018/4/6, 151, 62, , 30, , 
2018/4/7, 79, 68, , 31, , 
2018/4/8, 89, 66, , , , 
2018/4/9, 76, 93, 44, 29, , 
2018/4/10, 140, 60, 29, 23, , 
2018/4/11, 91, 48, 11, 23, , 
2018/4/12, 69, 70, 14, 16, , 
2018/4/13, 100, 87, 16, 19, , 
2018/4/14, 110, 96, 18, 18, , 
2018/4/15, 130, 126, 9, 22, , 
2018/4/16, 164, , , , , 
2018/4/18, 112, 102, 17, 16, , 
2018/4/19, 134, 105, 6, 18, , 
2018/4/20, 145, , , , , 
2018/6/3, 132, 104, 48, 11, 15, 7
2018/6/4, 143, 81, 43, 7, 6, 6
2018/6/5, 115, 94, 40, 10, 9, 8
2018/6/6, 134, 91, 74, 20, 9, 10
2018/6/7, 151, 111, 40, 9, 6, 8
2018/6/8, 151, 126, 38, 14, 6, 9
2018/6/9, 130, 107, 29, 42, 4, 13
2018/6/10, 149, 132, 27, 38, 6, 12
2018/6/11, 152, 506, 14, 31, 7, 11
2018/6/12, 200, 929, 11, 18, 5, 8
2018/6/13, 286, 816, 9, 18, 7, 8
2018/6/14, 266, 615, 11, 20, 7, 8
2018/6/15, 201, 412, 18, 15, 6, 7
2018/6/16, 178, 196, 23, 10, 5, 6
2018/6/17, 157, 104, 19, 22, 6, 8
2018/6/18, 124, 102, 26, 23, 4, 8
2018/6/19, 124, 130, 41, 27, 10, 10
2018/6/20, 153, 201, 51, 27, 10, 9
2018/6/21, 155, 141, 46, 36, 8, 11
2018/6/22, 151, 181, 37, 38, 8, 12
2018/6/23, 158, 116, 31, 23, 9, 8
2018/6/24, 135, 198, 18, 28, 6, 10
2018/6/25, 146, 120, 11, 28, 7, 10
2018/6/26, 120, 76, 41, 18, 1, 8
2018/6/27, 114, 38, 27, 14, , 7
2018/6/28, 64, 55, 24, 17, 2, 9
2018/6/29, 88, 83, 15, 31, , 13
2018/6/30, 114, 66, 12, 26, 1, 11
2018/1/1, 272, 219, 11, 7, , 
2018/1/2, 260, 151, 7, 52, , 
2018/1/3, 215, 172, 7, 34, , 
2018/1/4, 229, 153, 7, 22, , 
2018/1/5, 215, 175, 15, 38, , 
2018/1/6, 225, 140, 45, 8, , 
2018/1/7, 195, 124, 43, 9, , 
2018/1/8, 173, 162, 41, 52, , 
2018/1/9, 210, 142, 57, 48, , 
2018/1/10, 195, 116, 81, 89, , 
2018/1/11, 174, 130, 60, 62, , 
2018/1/12, 175, 166, 47, 5, , 
2018/1/13, 205, 154, 23, 3, , 
2018/1/14, 200, 140, 18, 2, , 
2018/1/15, 193, 109, 16, 1, , 
2018/1/16, 156, 144, 21, 3, , 
2018/1/17, 193, 156, 46, 2, , 
2018/1/18, 215, 194, 75, 2, , 
2018/1/19, 236, 120, 36, 1, , 
2018/1/20, 172, 128, 19, 1, , 
2018/1/21, 181, 166, 25, 2, , 
2018/1/22, 211, 117, 33, 4, , 
2018/1/23, 178, 101, 11, 4, , 
2018/1/24, 174, 122, 3, 3, , 
2018/1/25, 191, 101, 12, 4, , 
2018/1/26, 173, 123, 29, 4, , 
2018/1/27, 184, 108, 36, 5, , 
2018/1/28, 171, 118, 45, 5, , 
2018/1/29, 177, 102, 58, 3, , 
2018/1/30, 155, 103, 61, 3, , 
2018/1/31, 157, 120, 45, 2, , 
2018/2/1, 161, 108, 40, 4, , 
2018/2/2, 147, 91, 43, 3, , 
2018/2/3, 131, 97, 45, 3, , 
2018/2/4, 142, 119, 49, 4, , 
2018/2/5, 152, 107, 51, 5, , 
2018/2/6, 149, 92, 71, 4, , 
2018/2/7, 132, 128, 49, 7, , 
2018/2/8, 164, 131, 67, 8, , 
2018/2/9, 179, 117, 74, 11, , 
2018/2/10, 164, 96, 45, 5, , 
2018/2/11, 145, 60, 79, 3, , 
2018/2/12, 108, 65, 59, 6, , 
2018/2/13, 122, 48, 81, 6, , 
2018/2/14, 111, 65, 81, 7, , 
2018/2/15, 120, 85, 32, 6, , 
2018/2/16, 124, 97, 79, 4, , 
2018/2/17, 149, 75, 75, 14, , 
2018/2/18, 119, 114, 75, 11, , 
2018/2/19, 151, 124, 81, 9, , 
2018/2/20, 163, 109, 77, 14, , 
2018/2/21, 147, 122, 65, 11, , 
2018/2/22, 144, 129, 64, 6, , 
2018/2/23, 161, 137, 83, 5, , 
2018/2/24, 172, 92, 63, 5, , 
2018/2/25, 129, 79, 69, 3, , 
2018/2/26, 90, 77, 40, 7, , 
2018/2/27, 123, 110, , 12, , 
2018/2/28, 153, 98, 5, 9, , 
2018/3/1, 137, 96, 69, 7, , 
2018/3/2, 143, 88, 54, 3, , 
2018/3/3, 132, 77, 45, 7, , 
2018/3/4, 120, 67, 72, 3, , 
2018/3/5, 106, 79, 83, 3, , 
2018/3/6, 99, 73, 68, 3, , 
2018/3/7, 110, 107, 79, 13, , 
2018/3/8, 154, 113, 40, 6, , 
2018/3/9, 153, 73, 33, 7, , 
2018/3/10, 109, 79, 42, 5, , 
2018/3/11, 118, 91, 29, 10, , 
2018/3/12, 134, 111, 45, 7, , 
2018/3/13, 134, 122, 34, 4, , 
2018/3/14, 151, 130, 19, 5, , 
2018/3/15, 158, 76, , 10, , 
2018/3/16, 91, 82, 3, 8, , 
2018/3/17, 111, 83, 4, 4, , 
2018/3/18, 120, 79, 6, 17, , 
2018/3/19, 112, 96, 8, 31, , 
2018/3/20, 134, 147, 6, 28, , 
2018/3/21, 178, 91, 10, 29, , 
2018/3/22, 128, 71, 8, 31, , 
2018/3/23, 104, 78, 6, 31, , 
2018/3/24, 117, 87, 9, 30, , 
2018/3/25, 117, 82, 9, 31, , 
2018/3/26, 124, 97, 35, 31, , 
2018/3/27, 130, 105, 79, 33, , 
2018/3/28, 141, 91, 84, 29, , 
2018/3/29, 125, 95, 84, 31, , 
2018/3/30, 127, 113, 83, 32, , 
2018/3/31, 135, 89, 66, 32, , 
2017/11/7, 316, 401, 20, 7, , 
2017/11/8, 419, , , , , 
2017/11/14, 228, 157, 21, 17, , 
2017/11/15, 200, 158, 16, 8, , 
2017/11/16, 208, 114, 18, 1, , 
2017/11/17, 176, 110, 17, , , 
2017/11/18, 174, 102, 28, , , 
2017/11/19, 166, 123, 38, 2, , 
2017/11/20, 180, 131, 35, 2, , 
2017/11/21, 188, 138, 37, 2, , 
2017/11/22, 189, 136, 39, 1, , 
2017/11/23, 185, 148, 31, 2, , 
2017/11/24, 194, , 34, , , 
2017/11/25, 181, 104, 25, 8, , 
2017/11/26, 204, , 27, 4, , 
2017/11/27, 201, 108, 23, 7, , 
2017/11/28, 175, 142, 22, 9, , 
2017/11/29, 180, 174, 48, 9, , 
2017/11/30, 211, 153, 21, 6, , 
2017/12/1, 186, 136, 21, 2, , 
2017/12/2, 176, 166, 18, , , 
2017/12/3, 206, 198, 20, 2, , 
2017/12/4, 224, 172, 14, 2, , 
2017/12/5, 214, 85, 4, 1, , 
2017/12/6, 113, 93, 10, 7, , 
2017/12/7, 138, 108, 13, 2, , 
2017/12/8, 154, 143, 8, 2, , 
2017/12/9, 181, 129, 3, 1, , 
2017/12/10, 176, 161, 6, 1, , 
2017/12/11, 204, 68, 9, 5, , 
2017/12/12, 130, 80, 7, 3, , 
2017/12/13, 155, 76, 4, 5, , 
2017/12/14, 153, 98, 8, 4, , 
2017/12/15, 165, 86, 11, 2, , 
2017/12/16, 155, 86, 12, 2, , 
2017/12/17, 145, 96, 15, 3, , 
2017/12/18, 154, 125, 13, 3, , 
2017/12/19, 174, 141, 6, 3, , 
2017/12/20, 196, 169, 14, 5, , 
2017/12/21, 214, 118, 22, 5, , 
2017/12/22, 169, 90, 23, 5, , 
2017/12/23, 145, 112, 24, 10, , 
2017/12/24, 175, 172, 24, 8, , 
2017/12/25, 225, 159, 22, 10, , 
2017/12/26, 206, 151, 8, 11, , 
2017/12/27, 202, 182, 21, 9, , 
2017/12/28, 223, 162, 23, 5, , 
2017/12/29, 206, 200, 47, 7, , 
2017/12/30, 242, , , , , 
2025/9/23, , 129, 3, 32, 13, 13
2024/12/31, , 197, 2, 24, 3, 10
2024/11/15, , 291, 1, 42, 2, 16
2024/3/31, , 118, 9, 18, 3, 7
2024/5/19, , 179, 16, 19, 3, 6
2023/12/18, , 196, 4, 24, 1, 12
2023/7/9, , 34, 3, 6, , 10
2023/7/20, , 90, 1, 9, , 7
2023/7/25, , 38, 1, 8, , 7
2023/2/23, , 157, 9, 18, 1, 11
2022/10/8, , 9, 7, 8, 5, 
2021/3/29, , 671, , , , 
2020/9/2, , 48, 15, 9, 3, 5
2020/4/6, , 59, 23, 8, , 2
2020/4/13, , 76, 17, 12, , 5
2020/4/16, , 42, 46, 4, , 4
2020/4/19, , 30, 25, 7, , 1
2020/4/29, , 66, 56, 11, , 4
2020/5/5, , 78, 45, 16, , 5
2020/5/12, , 92, 23, 27, , 7
2019/12/31, , 201, 18, 23, 7, 20
2020/3/15, , 112, 12, 40, 4, 12
2018/12/31, , 337, 8, 42, 6, 27
2018/4/17, , 92, 8, 16, , 
2018/6/2, , 87, 56, 11, 10, 7
2017/12/31, , 212, 37, 14, , 
2017/11/6, , 280, 12, 7, , 
2017/11/13, , 189, 29, 21, , 
2020/5/10, , , 49, 10, , 6